video_id,video_file,frame_idx,timestamp_sec,frame_file,fps,frame_count,duration_sec
VID_20260408_171126,Dataset/VID_20260408_171126.mp4,0,0.0,outputs/poc/frames/raw/VID_20260408_171126/VID_20260408_171126_f00000.jpg,29.630905896329896,493,16.638033333333333
VID_20260408_171126,Dataset/VID_20260408_171126.mp4,30,1.0124563894523326,outputs/poc/frames/raw/VID_20260408_171126/VID_20260408_171126_f00030.jpg,29.630905896329896,493,16.638033333333333
VID_20260408_171126,Dataset/VID_20260408_171126.mp4,60,2.0249127789046653,outputs/poc/frames/raw/VID_20260408_171126/VID_20260408_171126_f00060.jpg,29.630905896329896,493,16.638033333333333
VID_20260408_171126,Dataset/VID_20260408_171126.mp4,90,3.0373691683569977,outputs/poc/frames/raw/VID_20260408_171126/VID_20260408_171126_f00090.jpg,29.630905896329896,493,16.638033333333333
VID_20260408_171126,Dataset/VID_20260408_171126.mp4,120,4.0498255578093305,outputs/poc/frames/raw/VID_20260408_171126/VID_20260408_171126_f00120.jpg,29.630905896329896,493,16.638033333333333
VID_20260408_171126,Dataset/VID_20260408_171126.mp4,150,5.062281947261663,outputs/poc/frames/raw/VID_20260408_171126/VID_20260408_171126_f00150.jpg,29.630905896329896,493,16.638033333333333
VID_20260408_171126,Dataset/VID_20260408_171126.mp4,180,6.074738336713995,outputs/poc/frames/raw/VID_20260408_171126/VID_20260408_171126_f00180.jpg,29.630905896329896,493,16.638033333333333
VID_20260408_171126,Dataset/VID_20260408_171126.mp4,210,7.087194726166328,outputs/poc/frames/raw/VID_20260408_171126/VID_20260408_171126_f00210.jpg,29.630905896329896,493,16.638033333333333
VID_20260408_171126,Dataset/VID_20260408_171126.mp4,240,8.099651115618661,outputs/poc/frames/raw/VID_20260408_171126/VID_20260408_171126_f00240.jpg,29.630905896329896,493,16.638033333333333
VID_20260408_171126,Dataset/VID_20260408_171126.mp4,270,9.112107505070993,outputs/poc/frames/raw/VID_20260408_171126/VID_20260408_171126_f00270.jpg,29.630905896329896,493,16.638033333333333
VID_20260408_171126,Dataset/VID_20260408_171126.mp4,300,10.124563894523327,outputs/poc/frames/raw/VID_20260408_171126/VID_20260408_171126_f00300.jpg,29.630905896329896,493,16.638033333333333
VID_20260408_171126,Dataset/VID_20260408_171126.mp4,330,11.137020283975659,outputs/poc/frames/raw/VID_20260408_171126/VID_20260408_171126_f00330.jpg,29.630905896329896,493,16.638033333333333
VID_20260408_171126,Dataset/VID_20260408_171126.mp4,360,12.14947667342799,outputs/poc/frames/raw/VID_20260408_171126/VID_20260408_171126_f00360.jpg,29.630905896329896,493,16.638033333333333
VID_20260408_171126,Dataset/VID_20260408_171126.mp4,390,13.161933062880324,outputs/poc/frames/raw/VID_20260408_171126/VID_20260408_171126_f00390.jpg,29.630905896329896,493,16.638033333333333
VID_20260408_171126,Dataset/VID_20260408_171126.mp4,420,14.174389452332656,outputs/poc/frames/raw/VID_20260408_171126/VID_20260408_171126_f00420.jpg,29.630905896329896,493,16.638033333333333
VID_20260408_171126,Dataset/VID_20260408_171126.mp4,450,15.18684584178499,outputs/poc/frames/raw/VID_20260408_171126/VID_20260408_171126_f00450.jpg,29.630905896329896,493,16.638033333333333
VID_20260408_171126,Dataset/VID_20260408_171126.mp4,480,16.199302231237322,outputs/poc/frames/raw/VID_20260408_171126/VID_20260408_171126_f00480.jpg,29.630905896329896,493,16.638033333333333
VID_20260408_171454,Dataset/VID_20260408_171454.mp4,0,0.0,outputs/poc/frames/raw/VID_20260408_171454/VID_20260408_171454_f00000.jpg,29.652720645274517,505,17.03047777777778
VID_20260408_171454,Dataset/VID_20260408_171454.mp4,30,1.0117115511551156,outputs/poc/frames/raw/VID_20260408_171454/VID_20260408_171454_f00030.jpg,29.652720645274517,505,17.03047777777778
VID_20260408_171454,Dataset/VID_20260408_171454.mp4,60,2.023423102310231,outputs/poc/frames/raw/VID_20260408_171454/VID_20260408_171454_f00060.jpg,29.652720645274517,505,17.03047777777778
VID_20260408_171454,Dataset/VID_20260408_171454.mp4,90,3.0351346534653465,outputs/poc/frames/raw/VID_20260408_171454/VID_20260408_171454_f00090.jpg,29.652720645274517,505,17.03047777777778
VID_20260408_171454,Dataset/VID_20260408_171454.mp4,120,4.046846204620462,outputs/poc/frames/raw/VID_20260408_171454/VID_20260408_171454_f00120.jpg,29.652720645274517,505,17.03047777777778
VID_20260408_171454,Dataset/VID_20260408_171454.mp4,150,5.058557755775578,outputs/poc/frames/raw/VID_20260408_171454/VID_20260408_171454_f00150.jpg,29.652720645274517,505,17.03047777777778
VID_20260408_171454,Dataset/VID_20260408_171454.mp4,180,6.070269306930693,outputs/poc/frames/raw/VID_20260408_171454/VID_20260408_171454_f00180.jpg,29.652720645274517,505,17.03047777777778
VID_20260408_171454,Dataset/VID_20260408_171454.mp4,210,7.081980858085808,outputs/poc/frames/raw/VID_20260408_171454/VID_20260408_171454_f00210.jpg,29.652720645274517,505,17.03047777777778
VID_20260408_171454,Dataset/VID_20260408_171454.mp4,240,8.093692409240925,outputs/poc/frames/raw/VID_20260408_171454/VID_20260408_171454_f00240.jpg,29.652720645274517,505,17.03047777777778
VID_20260408_171454,Dataset/VID_20260408_171454.mp4,270,9.105403960396039,outputs/poc/frames/raw/VID_20260408_171454/VID_20260408_171454_f00270.jpg,29.652720645274517,505,17.03047777777778
VID_20260408_171454,Dataset/VID_20260408_171454.mp4,300,10.117115511551155,outputs/poc/frames/raw/VID_20260408_171454/VID_20260408_171454_f00300.jpg,29.652720645274517,505,17.03047777777778
VID_20260408_171454,Dataset/VID_20260408_171454.mp4,330,11.128827062706272,outputs/poc/frames/raw/VID_20260408_171454/VID_20260408_171454_f00330.jpg,29.652720645274517,505,17.03047777777778
VID_20260408_171454,Dataset/VID_20260408_171454.mp4,360,12.140538613861386,outputs/poc/frames/raw/VID_20260408_171454/VID_20260408_171454_f00360.jpg,29.652720645274517,505,17.03047777777778
VID_20260408_171454,Dataset/VID_20260408_171454.mp4,390,13.152250165016502,outputs/poc/frames/raw/VID_20260408_171454/VID_20260408_171454_f00390.jpg,29.652720645274517,505,17.03047777777778
VID_20260408_171454,Dataset/VID_20260408_171454.mp4,420,14.163961716171617,outputs/poc/frames/raw/VID_20260408_171454/VID_20260408_171454_f00420.jpg,29.652720645274517,505,17.03047777777778
VID_20260408_171454,Dataset/VID_20260408_171454.mp4,450,15.175673267326733,outputs/poc/frames/raw/VID_20260408_171454/VID_20260408_171454_f00450.jpg,29.652720645274517,505,17.03047777777778
VID_20260408_171454,Dataset/VID_20260408_171454.mp4,480,16.18738481848185,outputs/poc/frames/raw/VID_20260408_171454/VID_20260408_171454_f00480.jpg,29.652720645274517,505,17.03047777777778
VID_20260408_171606,Dataset/VID_20260408_171606.mp4,0,0.0,outputs/poc/frames/raw/VID_20260408_171606/VID_20260408_171606_f00000.jpg,29.697529144094176,553,18.621077777777778
VID_20260408_171606,Dataset/VID_20260408_171606.mp4,30,1.0101850512356843,outputs/poc/frames/raw/VID_20260408_171606/VID_20260408_171606_f00030.jpg,29.697529144094176,553,18.621077777777778
VID_20260408_171606,Dataset/VID_20260408_171606.mp4,60,2.0203701024713685,outputs/poc/frames/raw/VID_20260408_171606/VID_20260408_171606_f00060.jpg,29.697529144094176,553,18.621077777777778
VID_20260408_171606,Dataset/VID_20260408_171606.mp4,90,3.0305551537070525,outputs/poc/frames/raw/VID_20260408_171606/VID_20260408_171606_f00090.jpg,29.697529144094176,553,18.621077777777778
VID_20260408_171606,Dataset/VID_20260408_171606.mp4,120,4.040740204942737,outputs/poc/frames/raw/VID_20260408_171606/VID_20260408_171606_f00120.jpg,29.697529144094176,553,18.621077777777778
VID_20260408_171606,Dataset/VID_20260408_171606.mp4,150,5.050925256178421,outputs/poc/frames/raw/VID_20260408_171606/VID_20260408_171606_f00150.jpg,29.697529144094176,553,18.621077777777778
VID_20260408_171606,Dataset/VID_20260408_171606.mp4,180,6.061110307414105,outputs/poc/frames/raw/VID_20260408_171606/VID_20260408_171606_f00180.jpg,29.697529144094176,553,18.621077777777778
VID_20260408_171606,Dataset/VID_20260408_171606.mp4,210,7.071295358649789,outputs/poc/frames/raw/VID_20260408_171606/VID_20260408_171606_f00210.jpg,29.697529144094176,553,18.621077777777778
VID_20260408_171606,Dataset/VID_20260408_171606.mp4,240,8.081480409885474,outputs/poc/frames/raw/VID_20260408_171606/VID_20260408_171606_f00240.jpg,29.697529144094176,553,18.621077777777778
VID_20260408_171606,Dataset/VID_20260408_171606.mp4,270,9.091665461121158,outputs/poc/frames/raw/VID_20260408_171606/VID_20260408_171606_f00270.jpg,29.697529144094176,553,18.621077777777778
VID_20260408_171606,Dataset/VID_20260408_171606.mp4,300,10.101850512356842,outputs/poc/frames/raw/VID_20260408_171606/VID_20260408_171606_f00300.jpg,29.697529144094176,553,18.621077777777778
VID_20260408_171606,Dataset/VID_20260408_171606.mp4,330,11.112035563592526,outputs/poc/frames/raw/VID_20260408_171606/VID_20260408_171606_f00330.jpg,29.697529144094176,553,18.621077777777778
VID_20260408_171606,Dataset/VID_20260408_171606.mp4,360,12.12222061482821,outputs/poc/frames/raw/VID_20260408_171606/VID_20260408_171606_f00360.jpg,29.697529144094176,553,18.621077777777778
VID_20260408_171606,Dataset/VID_20260408_171606.mp4,390,13.132405666063894,outputs/poc/frames/raw/VID_20260408_171606/VID_20260408_171606_f00390.jpg,29.697529144094176,553,18.621077777777778
VID_20260408_171606,Dataset/VID_20260408_171606.mp4,420,14.142590717299578,outputs/poc/frames/raw/VID_20260408_171606/VID_20260408_171606_f00420.jpg,29.697529144094176,553,18.621077777777778
VID_20260408_171606,Dataset/VID_20260408_171606.mp4,450,15.152775768535262,outputs/poc/frames/raw/VID_20260408_171606/VID_20260408_171606_f00450.jpg,29.697529144094176,553,18.621077777777778
VID_20260408_171606,Dataset/VID_20260408_171606.mp4,480,16.162960819770948,outputs/poc/frames/raw/VID_20260408_171606/VID_20260408_171606_f00480.jpg,29.697529144094176,553,18.621077777777778
VID_20260408_171606,Dataset/VID_20260408_171606.mp4,510,17.173145871006632,outputs/poc/frames/raw/VID_20260408_171606/VID_20260408_171606_f00510.jpg,29.697529144094176,553,18.621077777777778
VID_20260408_171606,Dataset/VID_20260408_171606.mp4,540,18.183330922242316,outputs/poc/frames/raw/VID_20260408_171606/VID_20260408_171606_f00540.jpg,29.697529144094176,553,18.621077777777778
VID_20260408_171903,Dataset/VID_20260408_171903.mp4,0,0.0,outputs/poc/frames/raw/VID_20260408_171903/VID_20260408_171903_f00000.jpg,29.72669457172541,550,18.50188888888889
VID_20260408_171903,Dataset/VID_20260408_171903.mp4,30,1.0091939393939393,outputs/poc/frames/raw/VID_20260408_171903/VID_20260408_171903_f00030.jpg,29.72669457172541,550,18.50188888888889
VID_20260408_171903,Dataset/VID_20260408_171903.mp4,60,2.0183878787878786,outputs/poc/frames/raw/VID_20260408_171903/VID_20260408_171903_f00060.jpg,29.72669457172541,550,18.50188888888889
VID_20260408_171903,Dataset/VID_20260408_171903.mp4,90,3.027581818181818,outputs/poc/frames/raw/VID_20260408_171903/VID_20260408_171903_f00090.jpg,29.72669457172541,550,18.50188888888889
VID_20260408_171903,Dataset/VID_20260408_171903.mp4,120,4.036775757575757,outputs/poc/frames/raw/VID_20260408_171903/VID_20260408_171903_f00120.jpg,29.72669457172541,550,18.50188888888889
VID_20260408_171903,Dataset/VID_20260408_171903.mp4,150,5.0459696969696965,outputs/poc/frames/raw/VID_20260408_171903/VID_20260408_171903_f00150.jpg,29.72669457172541,550,18.50188888888889
VID_20260408_171903,Dataset/VID_20260408_171903.mp4,180,6.055163636363636,outputs/poc/frames/raw/VID_20260408_171903/VID_20260408_171903_f00180.jpg,29.72669457172541,550,18.50188888888889
VID_20260408_171903,Dataset/VID_20260408_171903.mp4,210,7.064357575757575,outputs/poc/frames/raw/VID_20260408_171903/VID_20260408_171903_f00210.jpg,29.72669457172541,550,18.50188888888889
VID_20260408_171903,Dataset/VID_20260408_171903.mp4,240,8.073551515151514,outputs/poc/frames/raw/VID_20260408_171903/VID_20260408_171903_f00240.jpg,29.72669457172541,550,18.50188888888889
VID_20260408_171903,Dataset/VID_20260408_171903.mp4,270,9.082745454545455,outputs/poc/frames/raw/VID_20260408_171903/VID_20260408_171903_f00270.jpg,29.72669457172541,550,18.50188888888889
VID_20260408_171903,Dataset/VID_20260408_171903.mp4,300,10.091939393939393,outputs/poc/frames/raw/VID_20260408_171903/VID_20260408_171903_f00300.jpg,29.72669457172541,550,18.50188888888889
VID_20260408_171903,Dataset/VID_20260408_171903.mp4,330,11.101133333333333,outputs/poc/frames/raw/VID_20260408_171903/VID_20260408_171903_f00330.jpg,29.72669457172541,550,18.50188888888889
VID_20260408_171903,Dataset/VID_20260408_171903.mp4,360,12.110327272727272,outputs/poc/frames/raw/VID_20260408_171903/VID_20260408_171903_f00360.jpg,29.72669457172541,550,18.50188888888889
VID_20260408_171903,Dataset/VID_20260408_171903.mp4,390,13.119521212121212,outputs/poc/frames/raw/VID_20260408_171903/VID_20260408_171903_f00390.jpg,29.72669457172541,550,18.50188888888889
VID_20260408_171903,Dataset/VID_20260408_171903.mp4,420,14.12871515151515,outputs/poc/frames/raw/VID_20260408_171903/VID_20260408_171903_f00420.jpg,29.72669457172541,550,18.50188888888889
VID_20260408_171903,Dataset/VID_20260408_171903.mp4,450,15.13790909090909,outputs/poc/frames/raw/VID_20260408_171903/VID_20260408_171903_f00450.jpg,29.72669457172541,550,18.50188888888889
VID_20260408_171903,Dataset/VID_20260408_171903.mp4,480,16.14710303030303,outputs/poc/frames/raw/VID_20260408_171903/VID_20260408_171903_f00480.jpg,29.72669457172541,550,18.50188888888889
VID_20260408_171903,Dataset/VID_20260408_171903.mp4,510,17.15629696969697,outputs/poc/frames/raw/VID_20260408_171903/VID_20260408_171903_f00510.jpg,29.72669457172541,550,18.50188888888889
VID_20260408_171903,Dataset/VID_20260408_171903.mp4,540,18.16549090909091,outputs/poc/frames/raw/VID_20260408_171903/VID_20260408_171903_f00540.jpg,29.72669457172541,550,18.50188888888889
VID_20260408_172029,Dataset/VID_20260408_172029.mp4,0,0.0,outputs/poc/frames/raw/VID_20260408_172029/VID_20260408_172029_f00000.jpg,29.695300395937338,460,15.490666666666668
VID_20260408_172029,Dataset/VID_20260408_172029.mp4,30,1.0102608695652173,outputs/poc/frames/raw/VID_20260408_172029/VID_20260408_172029_f00030.jpg,29.695300395937338,460,15.490666666666668
VID_20260408_172029,Dataset/VID_20260408_172029.mp4,60,2.0205217391304346,outputs/poc/frames/raw/VID_20260408_172029/VID_20260408_172029_f00060.jpg,29.695300395937338,460,15.490666666666668
VID_20260408_172029,Dataset/VID_20260408_172029.mp4,90,3.0307826086956524,outputs/poc/frames/raw/VID_20260408_172029/VID_20260408_172029_f00090.jpg,29.695300395937338,460,15.490666666666668
VID_20260408_172029,Dataset/VID_20260408_172029.mp4,120,4.041043478260869,outputs/poc/frames/raw/VID_20260408_172029/VID_20260408_172029_f00120.jpg,29.695300395937338,460,15.490666666666668
VID_20260408_172029,Dataset/VID_20260408_172029.mp4,150,5.051304347826087,outputs/poc/frames/raw/VID_20260408_172029/VID_20260408_172029_f00150.jpg,29.695300395937338,460,15.490666666666668
VID_20260408_172029,Dataset/VID_20260408_172029.mp4,180,6.061565217391305,outputs/poc/frames/raw/VID_20260408_172029/VID_20260408_172029_f00180.jpg,29.695300395937338,460,15.490666666666668
VID_20260408_172029,Dataset/VID_20260408_172029.mp4,210,7.071826086956522,outputs/poc/frames/raw/VID_20260408_172029/VID_20260408_172029_f00210.jpg,29.695300395937338,460,15.490666666666668
VID_20260408_172029,Dataset/VID_20260408_172029.mp4,240,8.082086956521739,outputs/poc/frames/raw/VID_20260408_172029/VID_20260408_172029_f00240.jpg,29.695300395937338,460,15.490666666666668
VID_20260408_172029,Dataset/VID_20260408_172029.mp4,270,9.092347826086957,outputs/poc/frames/raw/VID_20260408_172029/VID_20260408_172029_f00270.jpg,29.695300395937338,460,15.490666666666668
VID_20260408_172029,Dataset/VID_20260408_172029.mp4,300,10.102608695652174,outputs/poc/frames/raw/VID_20260408_172029/VID_20260408_172029_f00300.jpg,29.695300395937338,460,15.490666666666668
VID_20260408_172029,Dataset/VID_20260408_172029.mp4,330,11.112869565217391,outputs/poc/frames/raw/VID_20260408_172029/VID_20260408_172029_f00330.jpg,29.695300395937338,460,15.490666666666668
VID_20260408_172029,Dataset/VID_20260408_172029.mp4,360,12.12313043478261,outputs/poc/frames/raw/VID_20260408_172029/VID_20260408_172029_f00360.jpg,29.695300395937338,460,15.490666666666668
VID_20260408_172029,Dataset/VID_20260408_172029.mp4,390,13.133391304347827,outputs/poc/frames/raw/VID_20260408_172029/VID_20260408_172029_f00390.jpg,29.695300395937338,460,15.490666666666668
VID_20260408_172029,Dataset/VID_20260408_172029.mp4,420,14.143652173913043,outputs/poc/frames/raw/VID_20260408_172029/VID_20260408_172029_f00420.jpg,29.695300395937338,460,15.490666666666668
VID_20260408_172029,Dataset/VID_20260408_172029.mp4,450,15.153913043478262,outputs/poc/frames/raw/VID_20260408_172029/VID_20260408_172029_f00450.jpg,29.695300395937338,460,15.490666666666668
VID_20260408_172233,Dataset/VID_20260408_172233.mp4,0,0.0,outputs/poc/frames/raw/VID_20260408_172233/VID_20260408_172233_f00000.jpg,29.6948164728365,750,25.256933333333336
VID_20260408_172233,Dataset/VID_20260408_172233.mp4,30,1.0102773333333335,outputs/poc/frames/raw/VID_20260408_172233/VID_20260408_172233_f00030.jpg,29.6948164728365,750,25.256933333333336
VID_20260408_172233,Dataset/VID_20260408_172233.mp4,60,2.020554666666667,outputs/poc/frames/raw/VID_20260408_172233/VID_20260408_172233_f00060.jpg,29.6948164728365,750,25.256933333333336
VID_20260408_172233,Dataset/VID_20260408_172233.mp4,90,3.030832,outputs/poc/frames/raw/VID_20260408_172233/VID_20260408_172233_f00090.jpg,29.6948164728365,750,25.256933333333336
VID_20260408_172233,Dataset/VID_20260408_172233.mp4,120,4.041109333333334,outputs/poc/frames/raw/VID_20260408_172233/VID_20260408_172233_f00120.jpg,29.6948164728365,750,25.256933333333336
VID_20260408_172233,Dataset/VID_20260408_172233.mp4,150,5.051386666666667,outputs/poc/frames/raw/VID_20260408_172233/VID_20260408_172233_f00150.jpg,29.6948164728365,750,25.256933333333336
VID_20260408_172233,Dataset/VID_20260408_172233.mp4,180,6.061664,outputs/poc/frames/raw/VID_20260408_172233/VID_20260408_172233_f00180.jpg,29.6948164728365,750,25.256933333333336
VID_20260408_172233,Dataset/VID_20260408_172233.mp4,210,7.071941333333334,outputs/poc/frames/raw/VID_20260408_172233/VID_20260408_172233_f00210.jpg,29.6948164728365,750,25.256933333333336
VID_20260408_172233,Dataset/VID_20260408_172233.mp4,240,8.082218666666668,outputs/poc/frames/raw/VID_20260408_172233/VID_20260408_172233_f00240.jpg,29.6948164728365,750,25.256933333333336
VID_20260408_172233,Dataset/VID_20260408_172233.mp4,270,9.092496,outputs/poc/frames/raw/VID_20260408_172233/VID_20260408_172233_f00270.jpg,29.6948164728365,750,25.256933333333336
VID_20260408_172233,Dataset/VID_20260408_172233.mp4,300,10.102773333333333,outputs/poc/frames/raw/VID_20260408_172233/VID_20260408_172233_f00300.jpg,29.6948164728365,750,25.256933333333336
VID_20260408_172233,Dataset/VID_20260408_172233.mp4,330,11.113050666666668,outputs/poc/frames/raw/VID_20260408_172233/VID_20260408_172233_f00330.jpg,29.6948164728365,750,25.256933333333336
VID_20260408_172233,Dataset/VID_20260408_172233.mp4,360,12.123328,outputs/poc/frames/raw/VID_20260408_172233/VID_20260408_172233_f00360.jpg,29.6948164728365,750,25.256933333333336
VID_20260408_172233,Dataset/VID_20260408_172233.mp4,390,13.133605333333334,outputs/poc/frames/raw/VID_20260408_172233/VID_20260408_172233_f00390.jpg,29.6948164728365,750,25.256933333333336
VID_20260408_172233,Dataset/VID_20260408_172233.mp4,420,14.143882666666668,outputs/poc/frames/raw/VID_20260408_172233/VID_20260408_172233_f00420.jpg,29.6948164728365,750,25.256933333333336
VID_20260408_172233,Dataset/VID_20260408_172233.mp4,450,15.154160000000001,outputs/poc/frames/raw/VID_20260408_172233/VID_20260408_172233_f00450.jpg,29.6948164728365,750,25.256933333333336
VID_20260408_172233,Dataset/VID_20260408_172233.mp4,480,16.164437333333336,outputs/poc/frames/raw/VID_20260408_172233/VID_20260408_172233_f00480.jpg,29.6948164728365,750,25.256933333333336
VID_20260408_172233,Dataset/VID_20260408_172233.mp4,510,17.174714666666667,outputs/poc/frames/raw/VID_20260408_172233/VID_20260408_172233_f00510.jpg,29.6948164728365,750,25.256933333333336
VID_20260408_172233,Dataset/VID_20260408_172233.mp4,540,18.184992,outputs/poc/frames/raw/VID_20260408_172233/VID_20260408_172233_f00540.jpg,29.6948164728365,750,25.256933333333336
VID_20260408_172233,Dataset/VID_20260408_172233.mp4,570,19.195269333333336,outputs/poc/frames/raw/VID_20260408_172233/VID_20260408_172233_f00570.jpg,29.6948164728365,750,25.256933333333336
VID_20260408_172233,Dataset/VID_20260408_172233.mp4,600,20.205546666666667,outputs/poc/frames/raw/VID_20260408_172233/VID_20260408_172233_f00600.jpg,29.6948164728365,750,25.256933333333336
VID_20260408_172233,Dataset/VID_20260408_172233.mp4,630,21.215824,outputs/poc/frames/raw/VID_20260408_172233/VID_20260408_172233_f00630.jpg,29.6948164728365,750,25.256933333333336
VID_20260408_172233,Dataset/VID_20260408_172233.mp4,660,22.226101333333336,outputs/poc/frames/raw/VID_20260408_172233/VID_20260408_172233_f00660.jpg,29.6948164728365,750,25.256933333333336
VID_20260408_172233,Dataset/VID_20260408_172233.mp4,690,23.236378666666667,outputs/poc/frames/raw/VID_20260408_172233/VID_20260408_172233_f00690.jpg,29.6948164728365,750,25.256933333333336
VID_20260408_172233,Dataset/VID_20260408_172233.mp4,720,24.246656,outputs/poc/frames/raw/VID_20260408_172233/VID_20260408_172233_f00720.jpg,29.6948164728365,750,25.256933333333336
VID_20260408_172556,Dataset/VID_20260408_172556.mp4,0,0.0,outputs/poc/frames/raw/VID_20260408_172556/VID_20260408_172556_f00000.jpg,29.67933752787345,567,19.104200000000002
VID_20260408_172556,Dataset/VID_20260408_172556.mp4,30,1.0108042328042328,outputs/poc/frames/raw/VID_20260408_172556/VID_20260408_172556_f00030.jpg,29.67933752787345,567,19.104200000000002
VID_20260408_172556,Dataset/VID_20260408_172556.mp4,60,2.0216084656084656,outputs/poc/frames/raw/VID_20260408_172556/VID_20260408_172556_f00060.jpg,29.67933752787345,567,19.104200000000002
VID_20260408_172556,Dataset/VID_20260408_172556.mp4,90,3.0324126984126987,outputs/poc/frames/raw/VID_20260408_172556/VID_20260408_172556_f00090.jpg,29.67933752787345,567,19.104200000000002
VID_20260408_172556,Dataset/VID_20260408_172556.mp4,120,4.043216931216931,outputs/poc/frames/raw/VID_20260408_172556/VID_20260408_172556_f00120.jpg,29.67933752787345,567,19.104200000000002
VID_20260408_172556,Dataset/VID_20260408_172556.mp4,150,5.054021164021164,outputs/poc/frames/raw/VID_20260408_172556/VID_20260408_172556_f00150.jpg,29.67933752787345,567,19.104200000000002
VID_20260408_172556,Dataset/VID_20260408_172556.mp4,180,6.064825396825397,outputs/poc/frames/raw/VID_20260408_172556/VID_20260408_172556_f00180.jpg,29.67933752787345,567,19.104200000000002
VID_20260408_172556,Dataset/VID_20260408_172556.mp4,210,7.07562962962963,outputs/poc/frames/raw/VID_20260408_172556/VID_20260408_172556_f00210.jpg,29.67933752787345,567,19.104200000000002
VID_20260408_172556,Dataset/VID_20260408_172556.mp4,240,8.086433862433863,outputs/poc/frames/raw/VID_20260408_172556/VID_20260408_172556_f00240.jpg,29.67933752787345,567,19.104200000000002
VID_20260408_172556,Dataset/VID_20260408_172556.mp4,270,9.097238095238096,outputs/poc/frames/raw/VID_20260408_172556/VID_20260408_172556_f00270.jpg,29.67933752787345,567,19.104200000000002
VID_20260408_172556,Dataset/VID_20260408_172556.mp4,300,10.108042328042329,outputs/poc/frames/raw/VID_20260408_172556/VID_20260408_172556_f00300.jpg,29.67933752787345,567,19.104200000000002
VID_20260408_172556,Dataset/VID_20260408_172556.mp4,330,11.118846560846562,outputs/poc/frames/raw/VID_20260408_172556/VID_20260408_172556_f00330.jpg,29.67933752787345,567,19.104200000000002
VID_20260408_172556,Dataset/VID_20260408_172556.mp4,360,12.129650793650795,outputs/poc/frames/raw/VID_20260408_172556/VID_20260408_172556_f00360.jpg,29.67933752787345,567,19.104200000000002
VID_20260408_172556,Dataset/VID_20260408_172556.mp4,390,13.140455026455028,outputs/poc/frames/raw/VID_20260408_172556/VID_20260408_172556_f00390.jpg,29.67933752787345,567,19.104200000000002
VID_20260408_172556,Dataset/VID_20260408_172556.mp4,420,14.15125925925926,outputs/poc/frames/raw/VID_20260408_172556/VID_20260408_172556_f00420.jpg,29.67933752787345,567,19.104200000000002
VID_20260408_172556,Dataset/VID_20260408_172556.mp4,450,15.162063492063494,outputs/poc/frames/raw/VID_20260408_172556/VID_20260408_172556_f00450.jpg,29.67933752787345,567,19.104200000000002
VID_20260408_172556,Dataset/VID_20260408_172556.mp4,480,16.172867724867725,outputs/poc/frames/raw/VID_20260408_172556/VID_20260408_172556_f00480.jpg,29.67933752787345,567,19.104200000000002
VID_20260408_172556,Dataset/VID_20260408_172556.mp4,510,17.183671957671958,outputs/poc/frames/raw/VID_20260408_172556/VID_20260408_172556_f00510.jpg,29.67933752787345,567,19.104200000000002
VID_20260408_172556,Dataset/VID_20260408_172556.mp4,540,18.19447619047619,outputs/poc/frames/raw/VID_20260408_172556/VID_20260408_172556_f00540.jpg,29.67933752787345,567,19.104200000000002
VID_20260408_172740,Dataset/VID_20260408_172740.mp4,0,0.0,outputs/poc/frames/raw/VID_20260408_172740/VID_20260408_172740_f00000.jpg,29.476389508331895,340,11.534655555555556
VID_20260408_172740,Dataset/VID_20260408_172740.mp4,29,0.9838382679738562,outputs/poc/frames/raw/VID_20260408_172740/VID_20260408_172740_f00029.jpg,29.476389508331895,340,11.534655555555556
VID_20260408_172740,Dataset/VID_20260408_172740.mp4,58,1.9676765359477124,outputs/poc/frames/raw/VID_20260408_172740/VID_20260408_172740_f00058.jpg,29.476389508331895,340,11.534655555555556
VID_20260408_172740,Dataset/VID_20260408_172740.mp4,87,2.951514803921569,outputs/poc/frames/raw/VID_20260408_172740/VID_20260408_172740_f00087.jpg,29.476389508331895,340,11.534655555555556
VID_20260408_172740,Dataset/VID_20260408_172740.mp4,116,3.935353071895425,outputs/poc/frames/raw/VID_20260408_172740/VID_20260408_172740_f00116.jpg,29.476389508331895,340,11.534655555555556
VID_20260408_172740,Dataset/VID_20260408_172740.mp4,145,4.919191339869282,outputs/poc/frames/raw/VID_20260408_172740/VID_20260408_172740_f00145.jpg,29.476389508331895,340,11.534655555555556
VID_20260408_172740,Dataset/VID_20260408_172740.mp4,174,5.903029607843138,outputs/poc/frames/raw/VID_20260408_172740/VID_20260408_172740_f00174.jpg,29.476389508331895,340,11.534655555555556
VID_20260408_172740,Dataset/VID_20260408_172740.mp4,203,6.886867875816994,outputs/poc/frames/raw/VID_20260408_172740/VID_20260408_172740_f00203.jpg,29.476389508331895,340,11.534655555555556
VID_20260408_172740,Dataset/VID_20260408_172740.mp4,232,7.87070614379085,outputs/poc/frames/raw/VID_20260408_172740/VID_20260408_172740_f00232.jpg,29.476389508331895,340,11.534655555555556
VID_20260408_172740,Dataset/VID_20260408_172740.mp4,261,8.854544411764707,outputs/poc/frames/raw/VID_20260408_172740/VID_20260408_172740_f00261.jpg,29.476389508331895,340,11.534655555555556
VID_20260408_172740,Dataset/VID_20260408_172740.mp4,290,9.838382679738563,outputs/poc/frames/raw/VID_20260408_172740/VID_20260408_172740_f00290.jpg,29.476389508331895,340,11.534655555555556
VID_20260408_172740,Dataset/VID_20260408_172740.mp4,319,10.822220947712418,outputs/poc/frames/raw/VID_20260408_172740/VID_20260408_172740_f00319.jpg,29.476389508331895,340,11.534655555555556
VID_20260408_172835,Dataset/VID_20260408_172835.mp4,0,0.0,outputs/poc/frames/raw/VID_20260408_172835/VID_20260408_172835_f00000.jpg,29.66982515654292,517,17.42511111111111
VID_20260408_172835,Dataset/VID_20260408_172835.mp4,30,1.0111283043197936,outputs/poc/frames/raw/VID_20260408_172835/VID_20260408_172835_f00030.jpg,29.66982515654292,517,17.42511111111111
VID_20260408_172835,Dataset/VID_20260408_172835.mp4,60,2.0222566086395872,outputs/poc/frames/raw/VID_20260408_172835/VID_20260408_172835_f00060.jpg,29.66982515654292,517,17.42511111111111
VID_20260408_172835,Dataset/VID_20260408_172835.mp4,90,3.033384912959381,outputs/poc/frames/raw/VID_20260408_172835/VID_20260408_172835_f00090.jpg,29.66982515654292,517,17.42511111111111
VID_20260408_172835,Dataset/VID_20260408_172835.mp4,120,4.0445132172791745,outputs/poc/frames/raw/VID_20260408_172835/VID_20260408_172835_f00120.jpg,29.66982515654292,517,17.42511111111111
VID_20260408_172835,Dataset/VID_20260408_172835.mp4,150,5.055641521598968,outputs/poc/frames/raw/VID_20260408_172835/VID_20260408_172835_f00150.jpg,29.66982515654292,517,17.42511111111111
VID_20260408_172835,Dataset/VID_20260408_172835.mp4,180,6.066769825918762,outputs/poc/frames/raw/VID_20260408_172835/VID_20260408_172835_f00180.jpg,29.66982515654292,517,17.42511111111111
VID_20260408_172835,Dataset/VID_20260408_172835.mp4,210,7.077898130238556,outputs/poc/frames/raw/VID_20260408_172835/VID_20260408_172835_f00210.jpg,29.66982515654292,517,17.42511111111111
VID_20260408_172835,Dataset/VID_20260408_172835.mp4,240,8.089026434558349,outputs/poc/frames/raw/VID_20260408_172835/VID_20260408_172835_f00240.jpg,29.66982515654292,517,17.42511111111111
VID_20260408_172835,Dataset/VID_20260408_172835.mp4,270,9.100154738878143,outputs/poc/frames/raw/VID_20260408_172835/VID_20260408_172835_f00270.jpg,29.66982515654292,517,17.42511111111111
VID_20260408_172835,Dataset/VID_20260408_172835.mp4,300,10.111283043197936,outputs/poc/frames/raw/VID_20260408_172835/VID_20260408_172835_f00300.jpg,29.66982515654292,517,17.42511111111111
VID_20260408_172835,Dataset/VID_20260408_172835.mp4,330,11.12241134751773,outputs/poc/frames/raw/VID_20260408_172835/VID_20260408_172835_f00330.jpg,29.66982515654292,517,17.42511111111111
VID_20260408_172835,Dataset/VID_20260408_172835.mp4,360,12.133539651837523,outputs/poc/frames/raw/VID_20260408_172835/VID_20260408_172835_f00360.jpg,29.66982515654292,517,17.42511111111111
VID_20260408_172835,Dataset/VID_20260408_172835.mp4,390,13.144667956157317,outputs/poc/frames/raw/VID_20260408_172835/VID_20260408_172835_f00390.jpg,29.66982515654292,517,17.42511111111111
VID_20260408_172835,Dataset/VID_20260408_172835.mp4,420,14.155796260477112,outputs/poc/frames/raw/VID_20260408_172835/VID_20260408_172835_f00420.jpg,29.66982515654292,517,17.42511111111111
VID_20260408_172835,Dataset/VID_20260408_172835.mp4,450,15.166924564796906,outputs/poc/frames/raw/VID_20260408_172835/VID_20260408_172835_f00450.jpg,29.66982515654292,517,17.42511111111111
VID_20260408_172835,Dataset/VID_20260408_172835.mp4,480,16.178052869116698,outputs/poc/frames/raw/VID_20260408_172835/VID_20260408_172835_f00480.jpg,29.66982515654292,517,17.42511111111111
VID_20260408_172835,Dataset/VID_20260408_172835.mp4,510,17.18918117343649,outputs/poc/frames/raw/VID_20260408_172835/VID_20260408_172835_f00510.jpg,29.66982515654292,517,17.42511111111111
VID_20260408_172918,Dataset/VID_20260408_172918.mp4,0,0.0,outputs/poc/frames/raw/VID_20260408_172918/VID_20260408_172918_f00000.jpg,29.756083402844116,786,26.41476666666667
VID_20260408_172918,Dataset/VID_20260408_172918.mp4,30,1.0081972010178117,outputs/poc/frames/raw/VID_20260408_172918/VID_20260408_172918_f00030.jpg,29.756083402844116,786,26.41476666666667
VID_20260408_172918,Dataset/VID_20260408_172918.mp4,60,2.0163944020356235,outputs/poc/frames/raw/VID_20260408_172918/VID_20260408_172918_f00060.jpg,29.756083402844116,786,26.41476666666667
VID_20260408_172918,Dataset/VID_20260408_172918.mp4,90,3.024591603053435,outputs/poc/frames/raw/VID_20260408_172918/VID_20260408_172918_f00090.jpg,29.756083402844116,786,26.41476666666667
VID_20260408_172918,Dataset/VID_20260408_172918.mp4,120,4.032788804071247,outputs/poc/frames/raw/VID_20260408_172918/VID_20260408_172918_f00120.jpg,29.756083402844116,786,26.41476666666667
VID_20260408_172918,Dataset/VID_20260408_172918.mp4,150,5.040986005089058,outputs/poc/frames/raw/VID_20260408_172918/VID_20260408_172918_f00150.jpg,29.756083402844116,786,26.41476666666667
VID_20260408_172918,Dataset/VID_20260408_172918.mp4,180,6.04918320610687,outputs/poc/frames/raw/VID_20260408_172918/VID_20260408_172918_f00180.jpg,29.756083402844116,786,26.41476666666667
VID_20260408_172918,Dataset/VID_20260408_172918.mp4,210,7.057380407124682,outputs/poc/frames/raw/VID_20260408_172918/VID_20260408_172918_f00210.jpg,29.756083402844116,786,26.41476666666667
VID_20260408_172918,Dataset/VID_20260408_172918.mp4,240,8.065577608142494,outputs/poc/frames/raw/VID_20260408_172918/VID_20260408_172918_f00240.jpg,29.756083402844116,786,26.41476666666667
VID_20260408_172918,Dataset/VID_20260408_172918.mp4,270,9.073774809160305,outputs/poc/frames/raw/VID_20260408_172918/VID_20260408_172918_f00270.jpg,29.756083402844116,786,26.41476666666667
VID_20260408_172918,Dataset/VID_20260408_172918.mp4,300,10.081972010178117,outputs/poc/frames/raw/VID_20260408_172918/VID_20260408_172918_f00300.jpg,29.756083402844116,786,26.41476666666667
VID_20260408_172918,Dataset/VID_20260408_172918.mp4,330,11.09016921119593,outputs/poc/frames/raw/VID_20260408_172918/VID_20260408_172918_f00330.jpg,29.756083402844116,786,26.41476666666667
VID_20260408_172918,Dataset/VID_20260408_172918.mp4,360,12.09836641221374,outputs/poc/frames/raw/VID_20260408_172918/VID_20260408_172918_f00360.jpg,29.756083402844116,786,26.41476666666667
VID_20260408_172918,Dataset/VID_20260408_172918.mp4,390,13.106563613231552,outputs/poc/frames/raw/VID_20260408_172918/VID_20260408_172918_f00390.jpg,29.756083402844116,786,26.41476666666667
VID_20260408_172918,Dataset/VID_20260408_172918.mp4,420,14.114760814249363,outputs/poc/frames/raw/VID_20260408_172918/VID_20260408_172918_f00420.jpg,29.756083402844116,786,26.41476666666667
VID_20260408_172918,Dataset/VID_20260408_172918.mp4,450,15.122958015267177,outputs/poc/frames/raw/VID_20260408_172918/VID_20260408_172918_f00450.jpg,29.756083402844116,786,26.41476666666667
VID_20260408_172918,Dataset/VID_20260408_172918.mp4,480,16.131155216284988,outputs/poc/frames/raw/VID_20260408_172918/VID_20260408_172918_f00480.jpg,29.756083402844116,786,26.41476666666667
VID_20260408_172918,Dataset/VID_20260408_172918.mp4,510,17.1393524173028,outputs/poc/frames/raw/VID_20260408_172918/VID_20260408_172918_f00510.jpg,29.756083402844116,786,26.41476666666667
VID_20260408_172918,Dataset/VID_20260408_172918.mp4,540,18.14754961832061,outputs/poc/frames/raw/VID_20260408_172918/VID_20260408_172918_f00540.jpg,29.756083402844116,786,26.41476666666667
VID_20260408_172918,Dataset/VID_20260408_172918.mp4,570,19.15574681933842,outputs/poc/frames/raw/VID_20260408_172918/VID_20260408_172918_f00570.jpg,29.756083402844116,786,26.41476666666667
VID_20260408_172918,Dataset/VID_20260408_172918.mp4,600,20.163944020356233,outputs/poc/frames/raw/VID_20260408_172918/VID_20260408_172918_f00600.jpg,29.756083402844116,786,26.41476666666667
VID_20260408_172918,Dataset/VID_20260408_172918.mp4,630,21.172141221374048,outputs/poc/frames/raw/VID_20260408_172918/VID_20260408_172918_f00630.jpg,29.756083402844116,786,26.41476666666667
VID_20260408_172918,Dataset/VID_20260408_172918.mp4,660,22.18033842239186,outputs/poc/frames/raw/VID_20260408_172918/VID_20260408_172918_f00660.jpg,29.756083402844116,786,26.41476666666667
VID_20260408_172918,Dataset/VID_20260408_172918.mp4,690,23.18853562340967,outputs/poc/frames/raw/VID_20260408_172918/VID_20260408_172918_f00690.jpg,29.756083402844116,786,26.41476666666667
VID_20260408_172918,Dataset/VID_20260408_172918.mp4,720,24.19673282442748,outputs/poc/frames/raw/VID_20260408_172918/VID_20260408_172918_f00720.jpg,29.756083402844116,786,26.41476666666667
VID_20260408_172918,Dataset/VID_20260408_172918.mp4,750,25.204930025445293,outputs/poc/frames/raw/VID_20260408_172918/VID_20260408_172918_f00750.jpg,29.756083402844116,786,26.41476666666667
VID_20260408_172918,Dataset/VID_20260408_172918.mp4,780,26.213127226463104,outputs/poc/frames/raw/VID_20260408_172918/VID_20260408_172918_f00780.jpg,29.756083402844116,786,26.41476666666667
VID_20260408_173112,Dataset/VID_20260408_173112.mp4,0,0.0,outputs/poc/frames/raw/VID_20260408_173112/VID_20260408_173112_f00000.jpg,29.717079206665552,586,19.7193
VID_20260408_173112,Dataset/VID_20260408_173112.mp4,30,1.0095204778156996,outputs/poc/frames/raw/VID_20260408_173112/VID_20260408_173112_f00030.jpg,29.717079206665552,586,19.7193
VID_20260408_173112,Dataset/VID_20260408_173112.mp4,60,2.0190409556313993,outputs/poc/frames/raw/VID_20260408_173112/VID_20260408_173112_f00060.jpg,29.717079206665552,586,19.7193
VID_20260408_173112,Dataset/VID_20260408_173112.mp4,90,3.028561433447099,outputs/poc/frames/raw/VID_20260408_173112/VID_20260408_173112_f00090.jpg,29.717079206665552,586,19.7193
VID_20260408_173112,Dataset/VID_20260408_173112.mp4,120,4.038081911262799,outputs/poc/frames/raw/VID_20260408_173112/VID_20260408_173112_f00120.jpg,29.717079206665552,586,19.7193
VID_20260408_173112,Dataset/VID_20260408_173112.mp4,150,5.047602389078498,outputs/poc/frames/raw/VID_20260408_173112/VID_20260408_173112_f00150.jpg,29.717079206665552,586,19.7193
VID_20260408_173112,Dataset/VID_20260408_173112.mp4,180,6.057122866894198,outputs/poc/frames/raw/VID_20260408_173112/VID_20260408_173112_f00180.jpg,29.717079206665552,586,19.7193
VID_20260408_173112,Dataset/VID_20260408_173112.mp4,210,7.066643344709897,outputs/poc/frames/raw/VID_20260408_173112/VID_20260408_173112_f00210.jpg,29.717079206665552,586,19.7193
VID_20260408_173112,Dataset/VID_20260408_173112.mp4,240,8.076163822525597,outputs/poc/frames/raw/VID_20260408_173112/VID_20260408_173112_f00240.jpg,29.717079206665552,586,19.7193
VID_20260408_173112,Dataset/VID_20260408_173112.mp4,270,9.085684300341297,outputs/poc/frames/raw/VID_20260408_173112/VID_20260408_173112_f00270.jpg,29.717079206665552,586,19.7193
VID_20260408_173112,Dataset/VID_20260408_173112.mp4,300,10.095204778156996,outputs/poc/frames/raw/VID_20260408_173112/VID_20260408_173112_f00300.jpg,29.717079206665552,586,19.7193
VID_20260408_173112,Dataset/VID_20260408_173112.mp4,330,11.104725255972696,outputs/poc/frames/raw/VID_20260408_173112/VID_20260408_173112_f00330.jpg,29.717079206665552,586,19.7193
VID_20260408_173112,Dataset/VID_20260408_173112.mp4,360,12.114245733788396,outputs/poc/frames/raw/VID_20260408_173112/VID_20260408_173112_f00360.jpg,29.717079206665552,586,19.7193
VID_20260408_173112,Dataset/VID_20260408_173112.mp4,390,13.123766211604096,outputs/poc/frames/raw/VID_20260408_173112/VID_20260408_173112_f00390.jpg,29.717079206665552,586,19.7193
VID_20260408_173112,Dataset/VID_20260408_173112.mp4,420,14.133286689419794,outputs/poc/frames/raw/VID_20260408_173112/VID_20260408_173112_f00420.jpg,29.717079206665552,586,19.7193
VID_20260408_173112,Dataset/VID_20260408_173112.mp4,450,15.142807167235494,outputs/poc/frames/raw/VID_20260408_173112/VID_20260408_173112_f00450.jpg,29.717079206665552,586,19.7193
VID_20260408_173112,Dataset/VID_20260408_173112.mp4,480,16.152327645051194,outputs/poc/frames/raw/VID_20260408_173112/VID_20260408_173112_f00480.jpg,29.717079206665552,586,19.7193
VID_20260408_173112,Dataset/VID_20260408_173112.mp4,510,17.161848122866893,outputs/poc/frames/raw/VID_20260408_173112/VID_20260408_173112_f00510.jpg,29.717079206665552,586,19.7193
VID_20260408_173112,Dataset/VID_20260408_173112.mp4,540,18.171368600682595,outputs/poc/frames/raw/VID_20260408_173112/VID_20260408_173112_f00540.jpg,29.717079206665552,586,19.7193
VID_20260408_173112,Dataset/VID_20260408_173112.mp4,570,19.180889078498293,outputs/poc/frames/raw/VID_20260408_173112/VID_20260408_173112_f00570.jpg,29.717079206665552,586,19.7193
VID_20260408_173310,Dataset/VID_20260408_173310.mp4,0,0.0,outputs/poc/frames/raw/VID_20260408_173310/VID_20260408_173310_f00000.jpg,29.799031487956615,951,31.91378888888889
VID_20260408_173310,Dataset/VID_20260408_173310.mp4,30,1.0067441289870311,outputs/poc/frames/raw/VID_20260408_173310/VID_20260408_173310_f00030.jpg,29.799031487956615,951,31.91378888888889
VID_20260408_173310,Dataset/VID_20260408_173310.mp4,60,2.0134882579740623,outputs/poc/frames/raw/VID_20260408_173310/VID_20260408_173310_f00060.jpg,29.799031487956615,951,31.91378888888889
VID_20260408_173310,Dataset/VID_20260408_173310.mp4,90,3.020232386961094,outputs/poc/frames/raw/VID_20260408_173310/VID_20260408_173310_f00090.jpg,29.799031487956615,951,31.91378888888889
VID_20260408_173310,Dataset/VID_20260408_173310.mp4,120,4.026976515948125,outputs/poc/frames/raw/VID_20260408_173310/VID_20260408_173310_f00120.jpg,29.799031487956615,951,31.91378888888889
VID_20260408_173310,Dataset/VID_20260408_173310.mp4,150,5.033720644935157,outputs/poc/frames/raw/VID_20260408_173310/VID_20260408_173310_f00150.jpg,29.799031487956615,951,31.91378888888889
VID_20260408_173310,Dataset/VID_20260408_173310.mp4,180,6.040464773922188,outputs/poc/frames/raw/VID_20260408_173310/VID_20260408_173310_f00180.jpg,29.799031487956615,951,31.91378888888889
VID_20260408_173310,Dataset/VID_20260408_173310.mp4,210,7.047208902909219,outputs/poc/frames/raw/VID_20260408_173310/VID_20260408_173310_f00210.jpg,29.799031487956615,951,31.91378888888889
VID_20260408_173310,Dataset/VID_20260408_173310.mp4,240,8.05395303189625,outputs/poc/frames/raw/VID_20260408_173310/VID_20260408_173310_f00240.jpg,29.799031487956615,951,31.91378888888889
VID_20260408_173310,Dataset/VID_20260408_173310.mp4,270,9.060697160883281,outputs/poc/frames/raw/VID_20260408_173310/VID_20260408_173310_f00270.jpg,29.799031487956615,951,31.91378888888889
VID_20260408_173310,Dataset/VID_20260408_173310.mp4,300,10.067441289870313,outputs/poc/frames/raw/VID_20260408_173310/VID_20260408_173310_f00300.jpg,29.799031487956615,951,31.91378888888889
VID_20260408_173310,Dataset/VID_20260408_173310.mp4,330,11.074185418857343,outputs/poc/frames/raw/VID_20260408_173310/VID_20260408_173310_f00330.jpg,29.799031487956615,951,31.91378888888889
VID_20260408_173310,Dataset/VID_20260408_173310.mp4,360,12.080929547844375,outputs/poc/frames/raw/VID_20260408_173310/VID_20260408_173310_f00360.jpg,29.799031487956615,951,31.91378888888889
VID_20260408_173310,Dataset/VID_20260408_173310.mp4,390,13.087673676831406,outputs/poc/frames/raw/VID_20260408_173310/VID_20260408_173310_f00390.jpg,29.799031487956615,951,31.91378888888889
VID_20260408_173310,Dataset/VID_20260408_173310.mp4,420,14.094417805818438,outputs/poc/frames/raw/VID_20260408_173310/VID_20260408_173310_f00420.jpg,29.799031487956615,951,31.91378888888889
VID_20260408_173310,Dataset/VID_20260408_173310.mp4,450,15.101161934805468,outputs/poc/frames/raw/VID_20260408_173310/VID_20260408_173310_f00450.jpg,29.799031487956615,951,31.91378888888889
VID_20260408_173310,Dataset/VID_20260408_173310.mp4,480,16.1079060637925,outputs/poc/frames/raw/VID_20260408_173310/VID_20260408_173310_f00480.jpg,29.799031487956615,951,31.91378888888889
VID_20260408_173310,Dataset/VID_20260408_173310.mp4,510,17.114650192779532,outputs/poc/frames/raw/VID_20260408_173310/VID_20260408_173310_f00510.jpg,29.799031487956615,951,31.91378888888889
VID_20260408_173310,Dataset/VID_20260408_173310.mp4,540,18.121394321766562,outputs/poc/frames/raw/VID_20260408_173310/VID_20260408_173310_f00540.jpg,29.799031487956615,951,31.91378888888889
VID_20260408_173310,Dataset/VID_20260408_173310.mp4,570,19.128138450753593,outputs/poc/frames/raw/VID_20260408_173310/VID_20260408_173310_f00570.jpg,29.799031487956615,951,31.91378888888889
VID_20260408_173310,Dataset/VID_20260408_173310.mp4,600,20.134882579740626,outputs/poc/frames/raw/VID_20260408_173310/VID_20260408_173310_f00600.jpg,29.799031487956615,951,31.91378888888889
VID_20260408_173310,Dataset/VID_20260408_173310.mp4,630,21.141626708727657,outputs/poc/frames/raw/VID_20260408_173310/VID_20260408_173310_f00630.jpg,29.799031487956615,951,31.91378888888889
VID_20260408_173310,Dataset/VID_20260408_173310.mp4,660,22.148370837714687,outputs/poc/frames/raw/VID_20260408_173310/VID_20260408_173310_f00660.jpg,29.799031487956615,951,31.91378888888889
VID_20260408_173310,Dataset/VID_20260408_173310.mp4,690,23.155114966701717,outputs/poc/frames/raw/VID_20260408_173310/VID_20260408_173310_f00690.jpg,29.799031487956615,951,31.91378888888889
VID_20260408_173310,Dataset/VID_20260408_173310.mp4,720,24.16185909568875,outputs/poc/frames/raw/VID_20260408_173310/VID_20260408_173310_f00720.jpg,29.799031487956615,951,31.91378888888889
VID_20260408_173310,Dataset/VID_20260408_173310.mp4,750,25.16860322467578,outputs/poc/frames/raw/VID_20260408_173310/VID_20260408_173310_f00750.jpg,29.799031487956615,951,31.91378888888889
VID_20260408_173310,Dataset/VID_20260408_173310.mp4,780,26.17534735366281,outputs/poc/frames/raw/VID_20260408_173310/VID_20260408_173310_f00780.jpg,29.799031487956615,951,31.91378888888889
VID_20260408_173310,Dataset/VID_20260408_173310.mp4,810,27.182091482649845,outputs/poc/frames/raw/VID_20260408_173310/VID_20260408_173310_f00810.jpg,29.799031487956615,951,31.91378888888889
VID_20260408_173310,Dataset/VID_20260408_173310.mp4,840,28.188835611636875,outputs/poc/frames/raw/VID_20260408_173310/VID_20260408_173310_f00840.jpg,29.799031487956615,951,31.91378888888889
VID_20260408_173310,Dataset/VID_20260408_173310.mp4,870,29.195579740623906,outputs/poc/frames/raw/VID_20260408_173310/VID_20260408_173310_f00870.jpg,29.799031487956615,951,31.91378888888889
VID_20260408_173405,Dataset/VID_20260408_173405.mp4,0,0.0,outputs/poc/frames/raw/VID_20260408_173405/VID_20260408_173405_f00000.jpg,29.776490042500996,1039,34.8933
VID_20260408_173405,Dataset/VID_20260408_173405.mp4,30,1.0075062560153993,outputs/poc/frames/raw/VID_20260408_173405/VID_20260408_173405_f00030.jpg,29.776490042500996,1039,34.8933
VID_20260408_173405,Dataset/VID_20260408_173405.mp4,60,2.0150125120307987,outputs/poc/frames/raw/VID_20260408_173405/VID_20260408_173405_f00060.jpg,29.776490042500996,1039,34.8933
VID_20260408_173405,Dataset/VID_20260408_173405.mp4,90,3.0225187680461985,outputs/poc/frames/raw/VID_20260408_173405/VID_20260408_173405_f00090.jpg,29.776490042500996,1039,34.8933
VID_20260408_173405,Dataset/VID_20260408_173405.mp4,120,4.030025024061597,outputs/poc/frames/raw/VID_20260408_173405/VID_20260408_173405_f00120.jpg,29.776490042500996,1039,34.8933
VID_20260408_173405,Dataset/VID_20260408_173405.mp4,150,5.037531280076998,outputs/poc/frames/raw/VID_20260408_173405/VID_20260408_173405_f00150.jpg,29.776490042500996,1039,34.8933
VID_20260408_173405,Dataset/VID_20260408_173405.mp4,180,6.045037536092397,outputs/poc/frames/raw/VID_20260408_173405/VID_20260408_173405_f00180.jpg,29.776490042500996,1039,34.8933
VID_20260408_173405,Dataset/VID_20260408_173405.mp4,210,7.052543792107796,outputs/poc/frames/raw/VID_20260408_173405/VID_20260408_173405_f00210.jpg,29.776490042500996,1039,34.8933
VID_20260408_173405,Dataset/VID_20260408_173405.mp4,240,8.060050048123195,outputs/poc/frames/raw/VID_20260408_173405/VID_20260408_173405_f00240.jpg,29.776490042500996,1039,34.8933
VID_20260408_173405,Dataset/VID_20260408_173405.mp4,270,9.067556304138595,outputs/poc/frames/raw/VID_20260408_173405/VID_20260408_173405_f00270.jpg,29.776490042500996,1039,34.8933
VID_20260408_173405,Dataset/VID_20260408_173405.mp4,300,10.075062560153995,outputs/poc/frames/raw/VID_20260408_173405/VID_20260408_173405_f00300.jpg,29.776490042500996,1039,34.8933
VID_20260408_173405,Dataset/VID_20260408_173405.mp4,330,11.082568816169394,outputs/poc/frames/raw/VID_20260408_173405/VID_20260408_173405_f00330.jpg,29.776490042500996,1039,34.8933
VID_20260408_173405,Dataset/VID_20260408_173405.mp4,360,12.090075072184794,outputs/poc/frames/raw/VID_20260408_173405/VID_20260408_173405_f00360.jpg,29.776490042500996,1039,34.8933
VID_20260408_173405,Dataset/VID_20260408_173405.mp4,390,13.097581328200192,outputs/poc/frames/raw/VID_20260408_173405/VID_20260408_173405_f00390.jpg,29.776490042500996,1039,34.8933
VID_20260408_173405,Dataset/VID_20260408_173405.mp4,420,14.105087584215592,outputs/poc/frames/raw/VID_20260408_173405/VID_20260408_173405_f00420.jpg,29.776490042500996,1039,34.8933
VID_20260408_173405,Dataset/VID_20260408_173405.mp4,450,15.112593840230991,outputs/poc/frames/raw/VID_20260408_173405/VID_20260408_173405_f00450.jpg,29.776490042500996,1039,34.8933
VID_20260408_173405,Dataset/VID_20260408_173405.mp4,480,16.12010009624639,outputs/poc/frames/raw/VID_20260408_173405/VID_20260408_173405_f00480.jpg,29.776490042500996,1039,34.8933
VID_20260408_173405,Dataset/VID_20260408_173405.mp4,510,17.12760635226179,outputs/poc/frames/raw/VID_20260408_173405/VID_20260408_173405_f00510.jpg,29.776490042500996,1039,34.8933
VID_20260408_173405,Dataset/VID_20260408_173405.mp4,540,18.13511260827719,outputs/poc/frames/raw/VID_20260408_173405/VID_20260408_173405_f00540.jpg,29.776490042500996,1039,34.8933
VID_20260408_173405,Dataset/VID_20260408_173405.mp4,570,19.14261886429259,outputs/poc/frames/raw/VID_20260408_173405/VID_20260408_173405_f00570.jpg,29.776490042500996,1039,34.8933
VID_20260408_173405,Dataset/VID_20260408_173405.mp4,600,20.15012512030799,outputs/poc/frames/raw/VID_20260408_173405/VID_20260408_173405_f00600.jpg,29.776490042500996,1039,34.8933
VID_20260408_173405,Dataset/VID_20260408_173405.mp4,630,21.157631376323387,outputs/poc/frames/raw/VID_20260408_173405/VID_20260408_173405_f00630.jpg,29.776490042500996,1039,34.8933
VID_20260408_173405,Dataset/VID_20260408_173405.mp4,660,22.165137632338787,outputs/poc/frames/raw/VID_20260408_173405/VID_20260408_173405_f00660.jpg,29.776490042500996,1039,34.8933
VID_20260408_173405,Dataset/VID_20260408_173405.mp4,690,23.172643888354187,outputs/poc/frames/raw/VID_20260408_173405/VID_20260408_173405_f00690.jpg,29.776490042500996,1039,34.8933
VID_20260408_173405,Dataset/VID_20260408_173405.mp4,720,24.180150144369588,outputs/poc/frames/raw/VID_20260408_173405/VID_20260408_173405_f00720.jpg,29.776490042500996,1039,34.8933
VID_20260408_173405,Dataset/VID_20260408_173405.mp4,750,25.187656400384984,outputs/poc/frames/raw/VID_20260408_173405/VID_20260408_173405_f00750.jpg,29.776490042500996,1039,34.8933
VID_20260408_173405,Dataset/VID_20260408_173405.mp4,780,26.195162656400385,outputs/poc/frames/raw/VID_20260408_173405/VID_20260408_173405_f00780.jpg,29.776490042500996,1039,34.8933
VID_20260408_173405,Dataset/VID_20260408_173405.mp4,810,27.202668912415785,outputs/poc/frames/raw/VID_20260408_173405/VID_20260408_173405_f00810.jpg,29.776490042500996,1039,34.8933
VID_20260408_173405,Dataset/VID_20260408_173405.mp4,840,28.210175168431185,outputs/poc/frames/raw/VID_20260408_173405/VID_20260408_173405_f00840.jpg,29.776490042500996,1039,34.8933
VID_20260408_173405,Dataset/VID_20260408_173405.mp4,870,29.217681424446585,outputs/poc/frames/raw/VID_20260408_173405/VID_20260408_173405_f00870.jpg,29.776490042500996,1039,34.8933
VID_20260408_173452,Dataset/VID_20260408_173452.mp4,0,0.0,outputs/poc/frames/raw/VID_20260408_173452/VID_20260408_173452_f00000.jpg,29.764922114916065,809,27.179644444444445
VID_20260408_173452,Dataset/VID_20260408_173452.mp4,30,1.0078978162340337,outputs/poc/frames/raw/VID_20260408_173452/VID_20260408_173452_f00030.jpg,29.764922114916065,809,27.179644444444445
VID_20260408_173452,Dataset/VID_20260408_173452.mp4,60,2.0157956324680675,outputs/poc/frames/raw/VID_20260408_173452/VID_20260408_173452_f00060.jpg,29.764922114916065,809,27.179644444444445
VID_20260408_173452,Dataset/VID_20260408_173452.mp4,90,3.0236934487021014,outputs/poc/frames/raw/VID_20260408_173452/VID_20260408_173452_f00090.jpg,29.764922114916065,809,27.179644444444445
VID_20260408_173452,Dataset/VID_20260408_173452.mp4,120,4.031591264936135,outputs/poc/frames/raw/VID_20260408_173452/VID_20260408_173452_f00120.jpg,29.764922114916065,809,27.179644444444445
VID_20260408_173452,Dataset/VID_20260408_173452.mp4,150,5.039489081170169,outputs/poc/frames/raw/VID_20260408_173452/VID_20260408_173452_f00150.jpg,29.764922114916065,809,27.179644444444445
VID_20260408_173452,Dataset/VID_20260408_173452.mp4,180,6.047386897404203,outputs/poc/frames/raw/VID_20260408_173452/VID_20260408_173452_f00180.jpg,29.764922114916065,809,27.179644444444445
VID_20260408_173452,Dataset/VID_20260408_173452.mp4,210,7.055284713638237,outputs/poc/frames/raw/VID_20260408_173452/VID_20260408_173452_f00210.jpg,29.764922114916065,809,27.179644444444445
VID_20260408_173452,Dataset/VID_20260408_173452.mp4,240,8.06318252987227,outputs/poc/frames/raw/VID_20260408_173452/VID_20260408_173452_f00240.jpg,29.764922114916065,809,27.179644444444445
VID_20260408_173452,Dataset/VID_20260408_173452.mp4,270,9.071080346106305,outputs/poc/frames/raw/VID_20260408_173452/VID_20260408_173452_f00270.jpg,29.764922114916065,809,27.179644444444445
VID_20260408_173452,Dataset/VID_20260408_173452.mp4,300,10.078978162340338,outputs/poc/frames/raw/VID_20260408_173452/VID_20260408_173452_f00300.jpg,29.764922114916065,809,27.179644444444445
VID_20260408_173452,Dataset/VID_20260408_173452.mp4,330,11.086875978574371,outputs/poc/frames/raw/VID_20260408_173452/VID_20260408_173452_f00330.jpg,29.764922114916065,809,27.179644444444445
VID_20260408_173452,Dataset/VID_20260408_173452.mp4,360,12.094773794808406,outputs/poc/frames/raw/VID_20260408_173452/VID_20260408_173452_f00360.jpg,29.764922114916065,809,27.179644444444445
VID_20260408_173452,Dataset/VID_20260408_173452.mp4,390,13.102671611042439,outputs/poc/frames/raw/VID_20260408_173452/VID_20260408_173452_f00390.jpg,29.764922114916065,809,27.179644444444445
VID_20260408_173452,Dataset/VID_20260408_173452.mp4,420,14.110569427276474,outputs/poc/frames/raw/VID_20260408_173452/VID_20260408_173452_f00420.jpg,29.764922114916065,809,27.179644444444445
VID_20260408_173452,Dataset/VID_20260408_173452.mp4,450,15.118467243510507,outputs/poc/frames/raw/VID_20260408_173452/VID_20260408_173452_f00450.jpg,29.764922114916065,809,27.179644444444445
VID_20260408_173452,Dataset/VID_20260408_173452.mp4,480,16.12636505974454,outputs/poc/frames/raw/VID_20260408_173452/VID_20260408_173452_f00480.jpg,29.764922114916065,809,27.179644444444445
VID_20260408_173452,Dataset/VID_20260408_173452.mp4,510,17.134262875978575,outputs/poc/frames/raw/VID_20260408_173452/VID_20260408_173452_f00510.jpg,29.764922114916065,809,27.179644444444445
VID_20260408_173452,Dataset/VID_20260408_173452.mp4,540,18.14216069221261,outputs/poc/frames/raw/VID_20260408_173452/VID_20260408_173452_f00540.jpg,29.764922114916065,809,27.179644444444445
VID_20260408_173452,Dataset/VID_20260408_173452.mp4,570,19.15005850844664,outputs/poc/frames/raw/VID_20260408_173452/VID_20260408_173452_f00570.jpg,29.764922114916065,809,27.179644444444445
VID_20260408_173452,Dataset/VID_20260408_173452.mp4,600,20.157956324680676,outputs/poc/frames/raw/VID_20260408_173452/VID_20260408_173452_f00600.jpg,29.764922114916065,809,27.179644444444445
VID_20260408_173452,Dataset/VID_20260408_173452.mp4,630,21.16585414091471,outputs/poc/frames/raw/VID_20260408_173452/VID_20260408_173452_f00630.jpg,29.764922114916065,809,27.179644444444445
VID_20260408_173452,Dataset/VID_20260408_173452.mp4,660,22.173751957148742,outputs/poc/frames/raw/VID_20260408_173452/VID_20260408_173452_f00660.jpg,29.764922114916065,809,27.179644444444445
VID_20260408_173452,Dataset/VID_20260408_173452.mp4,690,23.181649773382777,outputs/poc/frames/raw/VID_20260408_173452/VID_20260408_173452_f00690.jpg,29.764922114916065,809,27.179644444444445
VID_20260408_173452,Dataset/VID_20260408_173452.mp4,720,24.18954758961681,outputs/poc/frames/raw/VID_20260408_173452/VID_20260408_173452_f00720.jpg,29.764922114916065,809,27.179644444444445
VID_20260408_173452,Dataset/VID_20260408_173452.mp4,750,25.197445405850846,outputs/poc/frames/raw/VID_20260408_173452/VID_20260408_173452_f00750.jpg,29.764922114916065,809,27.179644444444445
VID_20260408_173452,Dataset/VID_20260408_173452.mp4,780,26.205343222084878,outputs/poc/frames/raw/VID_20260408_173452/VID_20260408_173452_f00780.jpg,29.764922114916065,809,27.179644444444445
VID_20260408_173854,Dataset/VID_20260408_173854.mp4,0,0.0,outputs/poc/frames/raw/VID_20260408_173854/VID_20260408_173854_f00000.jpg,29.729322123830045,541,18.197522222222222
VID_20260408_173854,Dataset/VID_20260408_173854.mp4,30,1.0091047443006778,outputs/poc/frames/raw/VID_20260408_173854/VID_20260408_173854_f00030.jpg,29.729322123830045,541,18.197522222222222
VID_20260408_173854,Dataset/VID_20260408_173854.mp4,60,2.0182094886013555,outputs/poc/frames/raw/VID_20260408_173854/VID_20260408_173854_f00060.jpg,29.729322123830045,541,18.197522222222222
VID_20260408_173854,Dataset/VID_20260408_173854.mp4,90,3.0273142329020333,outputs/poc/frames/raw/VID_20260408_173854/VID_20260408_173854_f00090.jpg,29.729322123830045,541,18.197522222222222
VID_20260408_173854,Dataset/VID_20260408_173854.mp4,120,4.036418977202711,outputs/poc/frames/raw/VID_20260408_173854/VID_20260408_173854_f00120.jpg,29.729322123830045,541,18.197522222222222
VID_20260408_173854,Dataset/VID_20260408_173854.mp4,150,5.045523721503389,outputs/poc/frames/raw/VID_20260408_173854/VID_20260408_173854_f00150.jpg,29.729322123830045,541,18.197522222222222
VID_20260408_173854,Dataset/VID_20260408_173854.mp4,180,6.0546284658040666,outputs/poc/frames/raw/VID_20260408_173854/VID_20260408_173854_f00180.jpg,29.729322123830045,541,18.197522222222222
VID_20260408_173854,Dataset/VID_20260408_173854.mp4,210,7.063733210104744,outputs/poc/frames/raw/VID_20260408_173854/VID_20260408_173854_f00210.jpg,29.729322123830045,541,18.197522222222222
VID_20260408_173854,Dataset/VID_20260408_173854.mp4,240,8.072837954405422,outputs/poc/frames/raw/VID_20260408_173854/VID_20260408_173854_f00240.jpg,29.729322123830045,541,18.197522222222222
VID_20260408_173854,Dataset/VID_20260408_173854.mp4,270,9.0819426987061,outputs/poc/frames/raw/VID_20260408_173854/VID_20260408_173854_f00270.jpg,29.729322123830045,541,18.197522222222222
VID_20260408_173854,Dataset/VID_20260408_173854.mp4,300,10.091047443006778,outputs/poc/frames/raw/VID_20260408_173854/VID_20260408_173854_f00300.jpg,29.729322123830045,541,18.197522222222222
VID_20260408_173854,Dataset/VID_20260408_173854.mp4,330,11.100152187307456,outputs/poc/frames/raw/VID_20260408_173854/VID_20260408_173854_f00330.jpg,29.729322123830045,541,18.197522222222222
VID_20260408_173854,Dataset/VID_20260408_173854.mp4,360,12.109256931608133,outputs/poc/frames/raw/VID_20260408_173854/VID_20260408_173854_f00360.jpg,29.729322123830045,541,18.197522222222222
VID_20260408_173854,Dataset/VID_20260408_173854.mp4,390,13.118361675908812,outputs/poc/frames/raw/VID_20260408_173854/VID_20260408_173854_f00390.jpg,29.729322123830045,541,18.197522222222222
VID_20260408_173854,Dataset/VID_20260408_173854.mp4,420,14.127466420209489,outputs/poc/frames/raw/VID_20260408_173854/VID_20260408_173854_f00420.jpg,29.729322123830045,541,18.197522222222222
VID_20260408_173854,Dataset/VID_20260408_173854.mp4,450,15.136571164510167,outputs/poc/frames/raw/VID_20260408_173854/VID_20260408_173854_f00450.jpg,29.729322123830045,541,18.197522222222222
VID_20260408_173854,Dataset/VID_20260408_173854.mp4,480,16.145675908810844,outputs/poc/frames/raw/VID_20260408_173854/VID_20260408_173854_f00480.jpg,29.729322123830045,541,18.197522222222222
VID_20260408_173854,Dataset/VID_20260408_173854.mp4,510,17.154780653111523,outputs/poc/frames/raw/VID_20260408_173854/VID_20260408_173854_f00510.jpg,29.729322123830045,541,18.197522222222222
VID_20260408_173854,Dataset/VID_20260408_173854.mp4,540,18.1638853974122,outputs/poc/frames/raw/VID_20260408_173854/VID_20260408_173854_f00540.jpg,29.729322123830045,541,18.197522222222222
VID_20260408_173936,Dataset/VID_20260408_173936.mp4,0,0.0,outputs/poc/frames/raw/VID_20260408_173936/VID_20260408_173936_f00000.jpg,29.75746903067197,914,30.71497777777778
VID_20260408_173936,Dataset/VID_20260408_173936.mp4,30,1.008150255288111,outputs/poc/frames/raw/VID_20260408_173936/VID_20260408_173936_f00030.jpg,29.75746903067197,914,30.71497777777778
VID_20260408_173936,Dataset/VID_20260408_173936.mp4,60,2.016300510576222,outputs/poc/frames/raw/VID_20260408_173936/VID_20260408_173936_f00060.jpg,29.75746903067197,914,30.71497777777778
VID_20260408_173936,Dataset/VID_20260408_173936.mp4,90,3.0244507658643327,outputs/poc/frames/raw/VID_20260408_173936/VID_20260408_173936_f00090.jpg,29.75746903067197,914,30.71497777777778
VID_20260408_173936,Dataset/VID_20260408_173936.mp4,120,4.032601021152444,outputs/poc/frames/raw/VID_20260408_173936/VID_20260408_173936_f00120.jpg,29.75746903067197,914,30.71497777777778
VID_20260408_173936,Dataset/VID_20260408_173936.mp4,150,5.040751276440554,outputs/poc/frames/raw/VID_20260408_173936/VID_20260408_173936_f00150.jpg,29.75746903067197,914,30.71497777777778
VID_20260408_173936,Dataset/VID_20260408_173936.mp4,180,6.048901531728665,outputs/poc/frames/raw/VID_20260408_173936/VID_20260408_173936_f00180.jpg,29.75746903067197,914,30.71497777777778
VID_20260408_173936,Dataset/VID_20260408_173936.mp4,210,7.057051787016776,outputs/poc/frames/raw/VID_20260408_173936/VID_20260408_173936_f00210.jpg,29.75746903067197,914,30.71497777777778
VID_20260408_173936,Dataset/VID_20260408_173936.mp4,240,8.065202042304888,outputs/poc/frames/raw/VID_20260408_173936/VID_20260408_173936_f00240.jpg,29.75746903067197,914,30.71497777777778
VID_20260408_173936,Dataset/VID_20260408_173936.mp4,270,9.073352297592997,outputs/poc/frames/raw/VID_20260408_173936/VID_20260408_173936_f00270.jpg,29.75746903067197,914,30.71497777777778
VID_20260408_173936,Dataset/VID_20260408_173936.mp4,300,10.081502552881108,outputs/poc/frames/raw/VID_20260408_173936/VID_20260408_173936_f00300.jpg,29.75746903067197,914,30.71497777777778
VID_20260408_173936,Dataset/VID_20260408_173936.mp4,330,11.08965280816922,outputs/poc/frames/raw/VID_20260408_173936/VID_20260408_173936_f00330.jpg,29.75746903067197,914,30.71497777777778
VID_20260408_173936,Dataset/VID_20260408_173936.mp4,360,12.09780306345733,outputs/poc/frames/raw/VID_20260408_173936/VID_20260408_173936_f00360.jpg,29.75746903067197,914,30.71497777777778
VID_20260408_173936,Dataset/VID_20260408_173936.mp4,390,13.105953318745442,outputs/poc/frames/raw/VID_20260408_173936/VID_20260408_173936_f00390.jpg,29.75746903067197,914,30.71497777777778
VID_20260408_173936,Dataset/VID_20260408_173936.mp4,420,14.114103574033551,outputs/poc/frames/raw/VID_20260408_173936/VID_20260408_173936_f00420.jpg,29.75746903067197,914,30.71497777777778
VID_20260408_173936,Dataset/VID_20260408_173936.mp4,450,15.122253829321663,outputs/poc/frames/raw/VID_20260408_173936/VID_20260408_173936_f00450.jpg,29.75746903067197,914,30.71497777777778
VID_20260408_173936,Dataset/VID_20260408_173936.mp4,480,16.130404084609776,outputs/poc/frames/raw/VID_20260408_173936/VID_20260408_173936_f00480.jpg,29.75746903067197,914,30.71497777777778
VID_20260408_173936,Dataset/VID_20260408_173936.mp4,510,17.138554339897883,outputs/poc/frames/raw/VID_20260408_173936/VID_20260408_173936_f00510.jpg,29.75746903067197,914,30.71497777777778
VID_20260408_173936,Dataset/VID_20260408_173936.mp4,540,18.146704595185994,outputs/poc/frames/raw/VID_20260408_173936/VID_20260408_173936_f00540.jpg,29.75746903067197,914,30.71497777777778
VID_20260408_173936,Dataset/VID_20260408_173936.mp4,570,19.154854850474106,outputs/poc/frames/raw/VID_20260408_173936/VID_20260408_173936_f00570.jpg,29.75746903067197,914,30.71497777777778
VID_20260408_173936,Dataset/VID_20260408_173936.mp4,600,20.163005105762217,outputs/poc/frames/raw/VID_20260408_173936/VID_20260408_173936_f00600.jpg,29.75746903067197,914,30.71497777777778
VID_20260408_173936,Dataset/VID_20260408_173936.mp4,630,21.171155361050328,outputs/poc/frames/raw/VID_20260408_173936/VID_20260408_173936_f00630.jpg,29.75746903067197,914,30.71497777777778
VID_20260408_173936,Dataset/VID_20260408_173936.mp4,660,22.17930561633844,outputs/poc/frames/raw/VID_20260408_173936/VID_20260408_173936_f00660.jpg,29.75746903067197,914,30.71497777777778
VID_20260408_173936,Dataset/VID_20260408_173936.mp4,690,23.18745587162655,outputs/poc/frames/raw/VID_20260408_173936/VID_20260408_173936_f00690.jpg,29.75746903067197,914,30.71497777777778
VID_20260408_173936,Dataset/VID_20260408_173936.mp4,720,24.19560612691466,outputs/poc/frames/raw/VID_20260408_173936/VID_20260408_173936_f00720.jpg,29.75746903067197,914,30.71497777777778
VID_20260408_173936,Dataset/VID_20260408_173936.mp4,750,25.203756382202773,outputs/poc/frames/raw/VID_20260408_173936/VID_20260408_173936_f00750.jpg,29.75746903067197,914,30.71497777777778
VID_20260408_173936,Dataset/VID_20260408_173936.mp4,780,26.211906637490884,outputs/poc/frames/raw/VID_20260408_173936/VID_20260408_173936_f00780.jpg,29.75746903067197,914,30.71497777777778
VID_20260408_173936,Dataset/VID_20260408_173936.mp4,810,27.220056892778995,outputs/poc/frames/raw/VID_20260408_173936/VID_20260408_173936_f00810.jpg,29.75746903067197,914,30.71497777777778
VID_20260408_173936,Dataset/VID_20260408_173936.mp4,840,28.228207148067103,outputs/poc/frames/raw/VID_20260408_173936/VID_20260408_173936_f00840.jpg,29.75746903067197,914,30.71497777777778
VID_20260408_173936,Dataset/VID_20260408_173936.mp4,870,29.236357403355214,outputs/poc/frames/raw/VID_20260408_173936/VID_20260408_173936_f00870.jpg,29.75746903067197,914,30.71497777777778
VID_20260408_174106,Dataset/VID_20260408_174106.mp4,0,0.0,outputs/poc/frames/raw/VID_20260408_174106/VID_20260408_174106_f00000.jpg,29.741652009626904,760,25.55338888888889
VID_20260408_174106,Dataset/VID_20260408_174106.mp4,30,1.008686403508772,outputs/poc/frames/raw/VID_20260408_174106/VID_20260408_174106_f00030.jpg,29.741652009626904,760,25.55338888888889
VID_20260408_174106,Dataset/VID_20260408_174106.mp4,60,2.017372807017544,outputs/poc/frames/raw/VID_20260408_174106/VID_20260408_174106_f00060.jpg,29.741652009626904,760,25.55338888888889
VID_20260408_174106,Dataset/VID_20260408_174106.mp4,90,3.0260592105263155,outputs/poc/frames/raw/VID_20260408_174106/VID_20260408_174106_f00090.jpg,29.741652009626904,760,25.55338888888889
VID_20260408_174106,Dataset/VID_20260408_174106.mp4,120,4.034745614035088,outputs/poc/frames/raw/VID_20260408_174106/VID_20260408_174106_f00120.jpg,29.741652009626904,760,25.55338888888889
VID_20260408_174106,Dataset/VID_20260408_174106.mp4,150,5.04343201754386,outputs/poc/frames/raw/VID_20260408_174106/VID_20260408_174106_f00150.jpg,29.741652009626904,760,25.55338888888889
VID_20260408_174106,Dataset/VID_20260408_174106.mp4,180,6.052118421052631,outputs/poc/frames/raw/VID_20260408_174106/VID_20260408_174106_f00180.jpg,29.741652009626904,760,25.55338888888889
VID_20260408_174106,Dataset/VID_20260408_174106.mp4,210,7.060804824561403,outputs/poc/frames/raw/VID_20260408_174106/VID_20260408_174106_f00210.jpg,29.741652009626904,760,25.55338888888889
VID_20260408_174106,Dataset/VID_20260408_174106.mp4,240,8.069491228070175,outputs/poc/frames/raw/VID_20260408_174106/VID_20260408_174106_f00240.jpg,29.741652009626904,760,25.55338888888889
VID_20260408_174106,Dataset/VID_20260408_174106.mp4,270,9.078177631578948,outputs/poc/frames/raw/VID_20260408_174106/VID_20260408_174106_f00270.jpg,29.741652009626904,760,25.55338888888889
VID_20260408_174106,Dataset/VID_20260408_174106.mp4,300,10.08686403508772,outputs/poc/frames/raw/VID_20260408_174106/VID_20260408_174106_f00300.jpg,29.741652009626904,760,25.55338888888889
VID_20260408_174106,Dataset/VID_20260408_174106.mp4,330,11.095550438596492,outputs/poc/frames/raw/VID_20260408_174106/VID_20260408_174106_f00330.jpg,29.741652009626904,760,25.55338888888889
VID_20260408_174106,Dataset/VID_20260408_174106.mp4,360,12.104236842105262,outputs/poc/frames/raw/VID_20260408_174106/VID_20260408_174106_f00360.jpg,29.741652009626904,760,25.55338888888889
VID_20260408_174106,Dataset/VID_20260408_174106.mp4,390,13.112923245614034,outputs/poc/frames/raw/VID_20260408_174106/VID_20260408_174106_f00390.jpg,29.741652009626904,760,25.55338888888889
VID_20260408_174106,Dataset/VID_20260408_174106.mp4,420,14.121609649122806,outputs/poc/frames/raw/VID_20260408_174106/VID_20260408_174106_f00420.jpg,29.741652009626904,760,25.55338888888889
VID_20260408_174106,Dataset/VID_20260408_174106.mp4,450,15.130296052631579,outputs/poc/frames/raw/VID_20260408_174106/VID_20260408_174106_f00450.jpg,29.741652009626904,760,25.55338888888889
VID_20260408_174106,Dataset/VID_20260408_174106.mp4,480,16.13898245614035,outputs/poc/frames/raw/VID_20260408_174106/VID_20260408_174106_f00480.jpg,29.741652009626904,760,25.55338888888889
VID_20260408_174106,Dataset/VID_20260408_174106.mp4,510,17.147668859649123,outputs/poc/frames/raw/VID_20260408_174106/VID_20260408_174106_f00510.jpg,29.741652009626904,760,25.55338888888889
VID_20260408_174106,Dataset/VID_20260408_174106.mp4,540,18.156355263157895,outputs/poc/frames/raw/VID_20260408_174106/VID_20260408_174106_f00540.jpg,29.741652009626904,760,25.55338888888889
VID_20260408_174106,Dataset/VID_20260408_174106.mp4,570,19.165041666666667,outputs/poc/frames/raw/VID_20260408_174106/VID_20260408_174106_f00570.jpg,29.741652009626904,760,25.55338888888889
VID_20260408_174106,Dataset/VID_20260408_174106.mp4,600,20.17372807017544,outputs/poc/frames/raw/VID_20260408_174106/VID_20260408_174106_f00600.jpg,29.741652009626904,760,25.55338888888889
VID_20260408_174106,Dataset/VID_20260408_174106.mp4,630,21.18241447368421,outputs/poc/frames/raw/VID_20260408_174106/VID_20260408_174106_f00630.jpg,29.741652009626904,760,25.55338888888889
VID_20260408_174106,Dataset/VID_20260408_174106.mp4,660,22.191100877192984,outputs/poc/frames/raw/VID_20260408_174106/VID_20260408_174106_f00660.jpg,29.741652009626904,760,25.55338888888889
VID_20260408_174106,Dataset/VID_20260408_174106.mp4,690,23.199787280701752,outputs/poc/frames/raw/VID_20260408_174106/VID_20260408_174106_f00690.jpg,29.741652009626904,760,25.55338888888889
VID_20260408_174106,Dataset/VID_20260408_174106.mp4,720,24.208473684210524,outputs/poc/frames/raw/VID_20260408_174106/VID_20260408_174106_f00720.jpg,29.741652009626904,760,25.55338888888889
VID_20260408_174106,Dataset/VID_20260408_174106.mp4,750,25.217160087719297,outputs/poc/frames/raw/VID_20260408_174106/VID_20260408_174106_f00750.jpg,29.741652009626904,760,25.55338888888889
VID_20260408_174147,Dataset/VID_20260408_174147.mp4,0,0.0,outputs/poc/frames/raw/VID_20260408_174147/VID_20260408_174147_f00000.jpg,29.65494049953455,389,13.117544444444444
VID_20260408_174147,Dataset/VID_20260408_174147.mp4,30,1.0116358183376177,outputs/poc/frames/raw/VID_20260408_174147/VID_20260408_174147_f00030.jpg,29.65494049953455,389,13.117544444444444
VID_20260408_174147,Dataset/VID_20260408_174147.mp4,60,2.0232716366752355,outputs/poc/frames/raw/VID_20260408_174147/VID_20260408_174147_f00060.jpg,29.65494049953455,389,13.117544444444444
VID_20260408_174147,Dataset/VID_20260408_174147.mp4,90,3.0349074550128536,outputs/poc/frames/raw/VID_20260408_174147/VID_20260408_174147_f00090.jpg,29.65494049953455,389,13.117544444444444
VID_20260408_174147,Dataset/VID_20260408_174147.mp4,120,4.046543273350471,outputs/poc/frames/raw/VID_20260408_174147/VID_20260408_174147_f00120.jpg,29.65494049953455,389,13.117544444444444
VID_20260408_174147,Dataset/VID_20260408_174147.mp4,150,5.058179091688089,outputs/poc/frames/raw/VID_20260408_174147/VID_20260408_174147_f00150.jpg,29.65494049953455,389,13.117544444444444
VID_20260408_174147,Dataset/VID_20260408_174147.mp4,180,6.069814910025707,outputs/poc/frames/raw/VID_20260408_174147/VID_20260408_174147_f00180.jpg,29.65494049953455,389,13.117544444444444
VID_20260408_174147,Dataset/VID_20260408_174147.mp4,210,7.081450728363325,outputs/poc/frames/raw/VID_20260408_174147/VID_20260408_174147_f00210.jpg,29.65494049953455,389,13.117544444444444
VID_20260408_174147,Dataset/VID_20260408_174147.mp4,240,8.093086546700942,outputs/poc/frames/raw/VID_20260408_174147/VID_20260408_174147_f00240.jpg,29.65494049953455,389,13.117544444444444
VID_20260408_174147,Dataset/VID_20260408_174147.mp4,270,9.10472236503856,outputs/poc/frames/raw/VID_20260408_174147/VID_20260408_174147_f00270.jpg,29.65494049953455,389,13.117544444444444
VID_20260408_174147,Dataset/VID_20260408_174147.mp4,300,10.116358183376178,outputs/poc/frames/raw/VID_20260408_174147/VID_20260408_174147_f00300.jpg,29.65494049953455,389,13.117544444444444
VID_20260408_174147,Dataset/VID_20260408_174147.mp4,330,11.127994001713796,outputs/poc/frames/raw/VID_20260408_174147/VID_20260408_174147_f00330.jpg,29.65494049953455,389,13.117544444444444
VID_20260408_174147,Dataset/VID_20260408_174147.mp4,360,12.139629820051415,outputs/poc/frames/raw/VID_20260408_174147/VID_20260408_174147_f00360.jpg,29.65494049953455,389,13.117544444444444
VID_20260408_174235,Dataset/VID_20260408_174235.mp4,0,0.0,outputs/poc/frames/raw/VID_20260408_174235/VID_20260408_174235_f00000.jpg,29.729711434973026,732,24.62183333333333
VID_20260408_174235,Dataset/VID_20260408_174235.mp4,30,1.0090915300546448,outputs/poc/frames/raw/VID_20260408_174235/VID_20260408_174235_f00030.jpg,29.729711434973026,732,24.62183333333333
VID_20260408_174235,Dataset/VID_20260408_174235.mp4,60,2.0181830601092896,outputs/poc/frames/raw/VID_20260408_174235/VID_20260408_174235_f00060.jpg,29.729711434973026,732,24.62183333333333
VID_20260408_174235,Dataset/VID_20260408_174235.mp4,90,3.0272745901639344,outputs/poc/frames/raw/VID_20260408_174235/VID_20260408_174235_f00090.jpg,29.729711434973026,732,24.62183333333333
VID_20260408_174235,Dataset/VID_20260408_174235.mp4,120,4.036366120218579,outputs/poc/frames/raw/VID_20260408_174235/VID_20260408_174235_f00120.jpg,29.729711434973026,732,24.62183333333333
VID_20260408_174235,Dataset/VID_20260408_174235.mp4,150,5.045457650273224,outputs/poc/frames/raw/VID_20260408_174235/VID_20260408_174235_f00150.jpg,29.729711434973026,732,24.62183333333333
VID_20260408_174235,Dataset/VID_20260408_174235.mp4,180,6.054549180327869,outputs/poc/frames/raw/VID_20260408_174235/VID_20260408_174235_f00180.jpg,29.729711434973026,732,24.62183333333333
VID_20260408_174235,Dataset/VID_20260408_174235.mp4,210,7.063640710382513,outputs/poc/frames/raw/VID_20260408_174235/VID_20260408_174235_f00210.jpg,29.729711434973026,732,24.62183333333333
VID_20260408_174235,Dataset/VID_20260408_174235.mp4,240,8.072732240437158,outputs/poc/frames/raw/VID_20260408_174235/VID_20260408_174235_f00240.jpg,29.729711434973026,732,24.62183333333333
VID_20260408_174235,Dataset/VID_20260408_174235.mp4,270,9.081823770491804,outputs/poc/frames/raw/VID_20260408_174235/VID_20260408_174235_f00270.jpg,29.729711434973026,732,24.62183333333333
VID_20260408_174235,Dataset/VID_20260408_174235.mp4,300,10.090915300546447,outputs/poc/frames/raw/VID_20260408_174235/VID_20260408_174235_f00300.jpg,29.729711434973026,732,24.62183333333333
VID_20260408_174235,Dataset/VID_20260408_174235.mp4,330,11.100006830601092,outputs/poc/frames/raw/VID_20260408_174235/VID_20260408_174235_f00330.jpg,29.729711434973026,732,24.62183333333333
VID_20260408_174235,Dataset/VID_20260408_174235.mp4,360,12.109098360655738,outputs/poc/frames/raw/VID_20260408_174235/VID_20260408_174235_f00360.jpg,29.729711434973026,732,24.62183333333333
VID_20260408_174235,Dataset/VID_20260408_174235.mp4,390,13.118189890710381,outputs/poc/frames/raw/VID_20260408_174235/VID_20260408_174235_f00390.jpg,29.729711434973026,732,24.62183333333333
VID_20260408_174235,Dataset/VID_20260408_174235.mp4,420,14.127281420765026,outputs/poc/frames/raw/VID_20260408_174235/VID_20260408_174235_f00420.jpg,29.729711434973026,732,24.62183333333333
VID_20260408_174235,Dataset/VID_20260408_174235.mp4,450,15.136372950819672,outputs/poc/frames/raw/VID_20260408_174235/VID_20260408_174235_f00450.jpg,29.729711434973026,732,24.62183333333333
VID_20260408_174235,Dataset/VID_20260408_174235.mp4,480,16.145464480874317,outputs/poc/frames/raw/VID_20260408_174235/VID_20260408_174235_f00480.jpg,29.729711434973026,732,24.62183333333333
VID_20260408_174235,Dataset/VID_20260408_174235.mp4,510,17.15455601092896,outputs/poc/frames/raw/VID_20260408_174235/VID_20260408_174235_f00510.jpg,29.729711434973026,732,24.62183333333333
VID_20260408_174235,Dataset/VID_20260408_174235.mp4,540,18.163647540983607,outputs/poc/frames/raw/VID_20260408_174235/VID_20260408_174235_f00540.jpg,29.729711434973026,732,24.62183333333333
VID_20260408_174235,Dataset/VID_20260408_174235.mp4,570,19.17273907103825,outputs/poc/frames/raw/VID_20260408_174235/VID_20260408_174235_f00570.jpg,29.729711434973026,732,24.62183333333333
VID_20260408_174235,Dataset/VID_20260408_174235.mp4,600,20.181830601092894,outputs/poc/frames/raw/VID_20260408_174235/VID_20260408_174235_f00600.jpg,29.729711434973026,732,24.62183333333333
VID_20260408_174235,Dataset/VID_20260408_174235.mp4,630,21.19092213114754,outputs/poc/frames/raw/VID_20260408_174235/VID_20260408_174235_f00630.jpg,29.729711434973026,732,24.62183333333333
VID_20260408_174235,Dataset/VID_20260408_174235.mp4,660,22.200013661202185,outputs/poc/frames/raw/VID_20260408_174235/VID_20260408_174235_f00660.jpg,29.729711434973026,732,24.62183333333333
VID_20260408_174235,Dataset/VID_20260408_174235.mp4,690,23.20910519125683,outputs/poc/frames/raw/VID_20260408_174235/VID_20260408_174235_f00690.jpg,29.729711434973026,732,24.62183333333333
VID_20260408_174235,Dataset/VID_20260408_174235.mp4,720,24.218196721311475,outputs/poc/frames/raw/VID_20260408_174235/VID_20260408_174235_f00720.jpg,29.729711434973026,732,24.62183333333333
VID_20260408_174323,Dataset/VID_20260408_174323.mp4,0,0.0,outputs/poc/frames/raw/VID_20260408_174323/VID_20260408_174323_f00000.jpg,29.762460695495157,956,32.121
VID_20260408_174323,Dataset/VID_20260408_174323.mp4,30,1.0079811715481173,outputs/poc/frames/raw/VID_20260408_174323/VID_20260408_174323_f00030.jpg,29.762460695495157,956,32.121
VID_20260408_174323,Dataset/VID_20260408_174323.mp4,60,2.0159623430962346,outputs/poc/frames/raw/VID_20260408_174323/VID_20260408_174323_f00060.jpg,29.762460695495157,956,32.121
VID_20260408_174323,Dataset/VID_20260408_174323.mp4,90,3.0239435146443516,outputs/poc/frames/raw/VID_20260408_174323/VID_20260408_174323_f00090.jpg,29.762460695495157,956,32.121
VID_20260408_174323,Dataset/VID_20260408_174323.mp4,120,4.031924686192469,outputs/poc/frames/raw/VID_20260408_174323/VID_20260408_174323_f00120.jpg,29.762460695495157,956,32.121
VID_20260408_174323,Dataset/VID_20260408_174323.mp4,150,5.039905857740586,outputs/poc/frames/raw/VID_20260408_174323/VID_20260408_174323_f00150.jpg,29.762460695495157,956,32.121
VID_20260408_174323,Dataset/VID_20260408_174323.mp4,180,6.047887029288703,outputs/poc/frames/raw/VID_20260408_174323/VID_20260408_174323_f00180.jpg,29.762460695495157,956,32.121
VID_20260408_174323,Dataset/VID_20260408_174323.mp4,210,7.05586820083682,outputs/poc/frames/raw/VID_20260408_174323/VID_20260408_174323_f00210.jpg,29.762460695495157,956,32.121
VID_20260408_174323,Dataset/VID_20260408_174323.mp4,240,8.063849372384938,outputs/poc/frames/raw/VID_20260408_174323/VID_20260408_174323_f00240.jpg,29.762460695495157,956,32.121
VID_20260408_174323,Dataset/VID_20260408_174323.mp4,270,9.071830543933055,outputs/poc/frames/raw/VID_20260408_174323/VID_20260408_174323_f00270.jpg,29.762460695495157,956,32.121
VID_20260408_174323,Dataset/VID_20260408_174323.mp4,300,10.079811715481172,outputs/poc/frames/raw/VID_20260408_174323/VID_20260408_174323_f00300.jpg,29.762460695495157,956,32.121
VID_20260408_174323,Dataset/VID_20260408_174323.mp4,330,11.08779288702929,outputs/poc/frames/raw/VID_20260408_174323/VID_20260408_174323_f00330.jpg,29.762460695495157,956,32.121
VID_20260408_174323,Dataset/VID_20260408_174323.mp4,360,12.095774058577407,outputs/poc/frames/raw/VID_20260408_174323/VID_20260408_174323_f00360.jpg,29.762460695495157,956,32.121
VID_20260408_174323,Dataset/VID_20260408_174323.mp4,390,13.103755230125524,outputs/poc/frames/raw/VID_20260408_174323/VID_20260408_174323_f00390.jpg,29.762460695495157,956,32.121
VID_20260408_174323,Dataset/VID_20260408_174323.mp4,420,14.11173640167364,outputs/poc/frames/raw/VID_20260408_174323/VID_20260408_174323_f00420.jpg,29.762460695495157,956,32.121
VID_20260408_174323,Dataset/VID_20260408_174323.mp4,450,15.119717573221758,outputs/poc/frames/raw/VID_20260408_174323/VID_20260408_174323_f00450.jpg,29.762460695495157,956,32.121
VID_20260408_174323,Dataset/VID_20260408_174323.mp4,480,16.127698744769877,outputs/poc/frames/raw/VID_20260408_174323/VID_20260408_174323_f00480.jpg,29.762460695495157,956,32.121
VID_20260408_174323,Dataset/VID_20260408_174323.mp4,510,17.135679916317994,outputs/poc/frames/raw/VID_20260408_174323/VID_20260408_174323_f00510.jpg,29.762460695495157,956,32.121
VID_20260408_174323,Dataset/VID_20260408_174323.mp4,540,18.14366108786611,outputs/poc/frames/raw/VID_20260408_174323/VID_20260408_174323_f00540.jpg,29.762460695495157,956,32.121
VID_20260408_174323,Dataset/VID_20260408_174323.mp4,570,19.151642259414228,outputs/poc/frames/raw/VID_20260408_174323/VID_20260408_174323_f00570.jpg,29.762460695495157,956,32.121
VID_20260408_174323,Dataset/VID_20260408_174323.mp4,600,20.159623430962345,outputs/poc/frames/raw/VID_20260408_174323/VID_20260408_174323_f00600.jpg,29.762460695495157,956,32.121
VID_20260408_174323,Dataset/VID_20260408_174323.mp4,630,21.167604602510462,outputs/poc/frames/raw/VID_20260408_174323/VID_20260408_174323_f00630.jpg,29.762460695495157,956,32.121
VID_20260408_174323,Dataset/VID_20260408_174323.mp4,660,22.17558577405858,outputs/poc/frames/raw/VID_20260408_174323/VID_20260408_174323_f00660.jpg,29.762460695495157,956,32.121
VID_20260408_174323,Dataset/VID_20260408_174323.mp4,690,23.183566945606696,outputs/poc/frames/raw/VID_20260408_174323/VID_20260408_174323_f00690.jpg,29.762460695495157,956,32.121
VID_20260408_174323,Dataset/VID_20260408_174323.mp4,720,24.191548117154813,outputs/poc/frames/raw/VID_20260408_174323/VID_20260408_174323_f00720.jpg,29.762460695495157,956,32.121
VID_20260408_174323,Dataset/VID_20260408_174323.mp4,750,25.19952928870293,outputs/poc/frames/raw/VID_20260408_174323/VID_20260408_174323_f00750.jpg,29.762460695495157,956,32.121
VID_20260408_174323,Dataset/VID_20260408_174323.mp4,780,26.207510460251047,outputs/poc/frames/raw/VID_20260408_174323/VID_20260408_174323_f00780.jpg,29.762460695495157,956,32.121
VID_20260408_174323,Dataset/VID_20260408_174323.mp4,810,27.215491631799164,outputs/poc/frames/raw/VID_20260408_174323/VID_20260408_174323_f00810.jpg,29.762460695495157,956,32.121
VID_20260408_174323,Dataset/VID_20260408_174323.mp4,840,28.22347280334728,outputs/poc/frames/raw/VID_20260408_174323/VID_20260408_174323_f00840.jpg,29.762460695495157,956,32.121
VID_20260408_174323,Dataset/VID_20260408_174323.mp4,870,29.2314539748954,outputs/poc/frames/raw/VID_20260408_174323/VID_20260408_174323_f00870.jpg,29.762460695495157,956,32.121
VID_20260408_174524,Dataset/VID_20260408_174524.mp4,0,0.0,outputs/poc/frames/raw/VID_20260408_174524/VID_20260408_174524_f00000.jpg,29.798187659802213,1189,39.90175555555556
VID_20260408_174524,Dataset/VID_20260408_174524.mp4,30,1.0067726380712083,outputs/poc/frames/raw/VID_20260408_174524/VID_20260408_174524_f00030.jpg,29.798187659802213,1189,39.90175555555556
VID_20260408_174524,Dataset/VID_20260408_174524.mp4,60,2.0135452761424166,outputs/poc/frames/raw/VID_20260408_174524/VID_20260408_174524_f00060.jpg,29.798187659802213,1189,39.90175555555556
VID_20260408_174524,Dataset/VID_20260408_174524.mp4,90,3.020317914213625,outputs/poc/frames/raw/VID_20260408_174524/VID_20260408_174524_f00090.jpg,29.798187659802213,1189,39.90175555555556
VID_20260408_174524,Dataset/VID_20260408_174524.mp4,120,4.027090552284833,outputs/poc/frames/raw/VID_20260408_174524/VID_20260408_174524_f00120.jpg,29.798187659802213,1189,39.90175555555556
VID_20260408_174524,Dataset/VID_20260408_174524.mp4,150,5.033863190356041,outputs/poc/frames/raw/VID_20260408_174524/VID_20260408_174524_f00150.jpg,29.798187659802213,1189,39.90175555555556
VID_20260408_174524,Dataset/VID_20260408_174524.mp4,180,6.04063582842725,outputs/poc/frames/raw/VID_20260408_174524/VID_20260408_174524_f00180.jpg,29.798187659802213,1189,39.90175555555556
VID_20260408_174524,Dataset/VID_20260408_174524.mp4,210,7.047408466498458,outputs/poc/frames/raw/VID_20260408_174524/VID_20260408_174524_f00210.jpg,29.798187659802213,1189,39.90175555555556
VID_20260408_174524,Dataset/VID_20260408_174524.mp4,240,8.054181104569667,outputs/poc/frames/raw/VID_20260408_174524/VID_20260408_174524_f00240.jpg,29.798187659802213,1189,39.90175555555556
VID_20260408_174524,Dataset/VID_20260408_174524.mp4,270,9.060953742640875,outputs/poc/frames/raw/VID_20260408_174524/VID_20260408_174524_f00270.jpg,29.798187659802213,1189,39.90175555555556
VID_20260408_174524,Dataset/VID_20260408_174524.mp4,300,10.067726380712083,outputs/poc/frames/raw/VID_20260408_174524/VID_20260408_174524_f00300.jpg,29.798187659802213,1189,39.90175555555556
VID_20260408_174524,Dataset/VID_20260408_174524.mp4,330,11.07449901878329,outputs/poc/frames/raw/VID_20260408_174524/VID_20260408_174524_f00330.jpg,29.798187659802213,1189,39.90175555555556
VID_20260408_174524,Dataset/VID_20260408_174524.mp4,360,12.0812716568545,outputs/poc/frames/raw/VID_20260408_174524/VID_20260408_174524_f00360.jpg,29.798187659802213,1189,39.90175555555556
VID_20260408_174524,Dataset/VID_20260408_174524.mp4,390,13.088044294925709,outputs/poc/frames/raw/VID_20260408_174524/VID_20260408_174524_f00390.jpg,29.798187659802213,1189,39.90175555555556
VID_20260408_174524,Dataset/VID_20260408_174524.mp4,420,14.094816932996917,outputs/poc/frames/raw/VID_20260408_174524/VID_20260408_174524_f00420.jpg,29.798187659802213,1189,39.90175555555556
VID_20260408_174524,Dataset/VID_20260408_174524.mp4,450,15.101589571068125,outputs/poc/frames/raw/VID_20260408_174524/VID_20260408_174524_f00450.jpg,29.798187659802213,1189,39.90175555555556
VID_20260408_174524,Dataset/VID_20260408_174524.mp4,480,16.108362209139333,outputs/poc/frames/raw/VID_20260408_174524/VID_20260408_174524_f00480.jpg,29.798187659802213,1189,39.90175555555556
VID_20260408_174524,Dataset/VID_20260408_174524.mp4,510,17.11513484721054,outputs/poc/frames/raw/VID_20260408_174524/VID_20260408_174524_f00510.jpg,29.798187659802213,1189,39.90175555555556
VID_20260408_174524,Dataset/VID_20260408_174524.mp4,540,18.12190748528175,outputs/poc/frames/raw/VID_20260408_174524/VID_20260408_174524_f00540.jpg,29.798187659802213,1189,39.90175555555556
VID_20260408_174524,Dataset/VID_20260408_174524.mp4,570,19.128680123352957,outputs/poc/frames/raw/VID_20260408_174524/VID_20260408_174524_f00570.jpg,29.798187659802213,1189,39.90175555555556
VID_20260408_174524,Dataset/VID_20260408_174524.mp4,600,20.135452761424165,outputs/poc/frames/raw/VID_20260408_174524/VID_20260408_174524_f00600.jpg,29.798187659802213,1189,39.90175555555556
VID_20260408_174524,Dataset/VID_20260408_174524.mp4,630,21.142225399495373,outputs/poc/frames/raw/VID_20260408_174524/VID_20260408_174524_f00630.jpg,29.798187659802213,1189,39.90175555555556
VID_20260408_174524,Dataset/VID_20260408_174524.mp4,660,22.14899803756658,outputs/poc/frames/raw/VID_20260408_174524/VID_20260408_174524_f00660.jpg,29.798187659802213,1189,39.90175555555556
VID_20260408_174524,Dataset/VID_20260408_174524.mp4,690,23.155770675637793,outputs/poc/frames/raw/VID_20260408_174524/VID_20260408_174524_f00690.jpg,29.798187659802213,1189,39.90175555555556
VID_20260408_174524,Dataset/VID_20260408_174524.mp4,720,24.162543313709,outputs/poc/frames/raw/VID_20260408_174524/VID_20260408_174524_f00720.jpg,29.798187659802213,1189,39.90175555555556
VID_20260408_174524,Dataset/VID_20260408_174524.mp4,750,25.16931595178021,outputs/poc/frames/raw/VID_20260408_174524/VID_20260408_174524_f00750.jpg,29.798187659802213,1189,39.90175555555556
VID_20260408_174524,Dataset/VID_20260408_174524.mp4,780,26.176088589851418,outputs/poc/frames/raw/VID_20260408_174524/VID_20260408_174524_f00780.jpg,29.798187659802213,1189,39.90175555555556
VID_20260408_174524,Dataset/VID_20260408_174524.mp4,810,27.182861227922626,outputs/poc/frames/raw/VID_20260408_174524/VID_20260408_174524_f00810.jpg,29.798187659802213,1189,39.90175555555556
VID_20260408_174524,Dataset/VID_20260408_174524.mp4,840,28.189633865993834,outputs/poc/frames/raw/VID_20260408_174524/VID_20260408_174524_f00840.jpg,29.798187659802213,1189,39.90175555555556
VID_20260408_174524,Dataset/VID_20260408_174524.mp4,870,29.196406504065042,outputs/poc/frames/raw/VID_20260408_174524/VID_20260408_174524_f00870.jpg,29.798187659802213,1189,39.90175555555556
